0,Amaz√¥nia em Chamas Dolar l√° no alto Educa√ß√£o um lixo Seguran√ßa p√©ssima Taxa de suic√≠dio dobrando  Mas enquanto tudo isso acon‚Ä¶
1,"Pelo amor de Jinsuis, nunca mais pense em se cortar ou em suic√≠dio!"
2,"-Trabalhou como faxineira e empregada dom√©stica -Sua m√£e morreu num acidente de carro em que seu marido Garrincha diria b√™bado e que tamb√©m a agredia -Teve sua casa invadida pela ditadura -1986,perdeu mais um de seus filhos num acidente. Elza entrou em depress√£o e tentou suic√≠dio"
3,"Preven√ß√£o de suic√≠dio: üìû 188 üìû 0800 273 8255 üìû 0800 290 0024  Se pelo menos 5 pessoas compartilharem j√° ajuda, √© muito imp‚Ä¶"
4,"N√£o temos pol√≠ticos que deseja suic√≠dio , as coisas mudaram para pior , qualquer movimento estranho a narrativa da m√≠dia muda e condena o cara por crime de anarquista."
5,"Aula de psicologia falando de suic√≠dio, pesado"
6,Ser for igual ou pior q esse ano meu suicidio j√° vem pronto
7,eu sou t√£o lixo que eu consigo falhar at√© no meu suic√≠dio olha que incr√≠vel
8,"√∫nico suic√≠dio q eu apoio √© o MEU, o de voc√™s eu irei tentar impedir √† qualquer custo!!!!!!"
9,"fico me sentindo p√©ssima quando falam ""voc√™ teriam coragem de fazer suic√≠dio?"" ""voc√™s j√° se cortaram?""  sempre vivi isso na minha vida, √© doloroso ler esse tipo de coisa"
10,Alarmante essa not√≠cia do m√™s de   de  no Norte Pioneiro do
11,"Michael Phelps conta como Deus o ajudou a se livrar do suic√≠dio: ""H√° um poder maior que eu"""
12,"""Diante dos detalhes escabrosos e das ramifica√ß√µes do caso, √© natural que teorias da conspira√ß√£o surjam aos montes. Mas,‚Ä¶"
13,"Meu professor √© o auge, mano... Ele tava falando sobre o lula dizer que professoras precisam se casadas para ganhar bem, ai ele disse que na vida se precisar ser Casado estariamos todos em uma fila de suic√≠dio KKKKKKK"
14,por incr√≠vel que pare√ßa eu parei de pensar em suic√≠dio üíõ
15,em setembro t√° com discurso de preven√ß√£o ao suicidio mas passa o resto do ano usando toda oportunidade pra colocar o col‚Ä¶
16,"O suic√≠dio das classes propriet√°rias brasileiras, parte 8"
17,"Preven√ß√£o do Suic√≠dio:  188 0800 273 8255  0800 290 0024  se pelo menos 3 pessoas copiarem e colarem ou derem rt j√° ajuda,‚Ä¶"
18,uma hora planejo meu futuro e outra o meu suic√≠dio
19,2h de aula sem parar :) suic√≠dio
20,Suic√≠dio √© um ato de fraqueza ou coragem?
21,Estudante de biologia n√£o comete suic√≠dio  Faz apoptose üòéü§ô
22,"Tentei v√°rias vezes , primeiro veio a depress√£o , e depois a vontade de cometer suic√≠dio  tomei muito rem√©dio , me cortei‚Ä¶"
23,UFPR promove semin√°rio de preven√ß√£o ao suic√≠dio
24,tw transfobia tw racismo tw suicidio  Um homem negro cisgenero se suicidou ap√≥s sofrer ataques por namorar uma mulher tra‚Ä¶
25,'Suicide by cops': o que √© o tipo de suic√≠dio que a pol√≠cia acredita que o sequestrador de √¥nibus na Ponte cometeu
26,"Amaz√¥nia em Chamas Dolar l√° no alto Educa√ß√£o um lixo Seguran√ßa p√©ssima Taxa de suic√≠dio dobrando  Mas enquanto tudo isso acontece, nosso presidente posta print no Twitter que suspendeu s√©ries LGBTs no Brasil."
27,Acordar e ver uma noticia de suic√≠dio acaba com todo restante do dia.
28,"ainda n√£o acredito que o Fill cometeu suic√≠dio, depress√£o √© foda pra caralho"
29,"ei, n√£o fa√ßa perguntas sobre suic√≠dio ou qualquer coisa que fale sobre sa√∫de mental s√≥ pra ganhar rt, isso √© um puta gatilho pra quem tem depress√£o entre outras doen√ßas, digo isso pq vivo todos os dias e me sinto mal com tanta gente banalizando algo que √© t√£o delicado e doloroso"
30,"fiz inscri√ß√£o pra um curso sobre preven√ß√£o de suic√≠dio, to bem animada mas √© s√≥ dia 21/09 kkkk"
31,"N, o q fizeram parecer suic√≠dio"
32,Eu ultimamente tava pensando nuns bagulho de tanto ficar injuriado com tanta mina fazendo suposi√ß√£o merda sobre os problemas na vida dos homens  E que na verdade s√≥ desencoraja a procurar ajuda (e a taxa de suic√≠dio aumentando)
33,A√≠ que vontade de um pequeno suic√≠dio
34,Sol lindo p um suic√≠dio
35,nao eh legal ficar destilando √≥dio nas pessoas gratuitamente assim  nao sei se vcs lembram mas a internet causou o sui‚Ä¶
36,"A √ârika Marena, delegada q provocou o suic√≠dio do reitor Cancelier, foi p o ‚Äúnovo Coaf‚Äù. Moro tem seus home‚Ä¶"
37,"Amigos, a carta de suic√≠dio do Get√∫lio Vargas e uma das coisas mais bem escritas que eu j√° vi. √â LINDA DEMAIS.   H√° algumas a‚Ä¶"
38,"Amiga, crossfit pra mim agora √© suic√≠dio, esqueceu do meu joelho? Kkk"
39,"Acho t√£o hip√≥crita atacarem algu√©m que de alguma forma est√° ajudando, fazendo conscientiza√ß√£o sobre a morte dos animais em geral e depois est√£o postando coisas sobre setembro amarelo, sobre preven√ß√£o de suic√≠dio, vcs s√£o t√£o escrotos!"
40,Como cometer suic√≠dio sem dx a m√£e triste
41,üóû 'Suicide by cops': entenda o tipo de suic√≠dio que a pol√≠cia acredita que o sequestrador de √¥nibus na Ponte cometeu
42,Estou nova demais p cometer esse suic√≠dio
43,Darlymple...Como sempre muito bom senso e experiencia em seus escritos....nao que foi siucidado ou suicidio...o que me importa √® seu senso critico
44,"""Nunca dirijo meu carro por cima de uma ponte sem pensar em suic√≠dio. Quero dizer, n√£o fico pensando nisso. Mas passa pela minha cabe√ßa: suic√≠dio‚Äù."
45,"Nem imagino como seria minha vida sem esse gato. Ele chegou num momento bem delicado, eu tinha tentado suic√≠dio pela terceira e √∫ltima vez. Foi um per√≠odo que s√≥ deus sabe, e, ter Petite me fortaleceu de uma maneira linda demais."
46,"Cada filho vem com um prop√≥sito na vida de uma m√£e e a Anna veio pra tirar aquela depress√£o, aquela vontade de se matar, as noitadas e pra me fazer a mulher mais feliz do mundo ‚ù§"
47,Essa gripe vai me matar
48,"""vc namoraria algu√©m como vc?""  eu j√° me namoro   eu janto comigo   choro por coisas q eu fiz   assisto netflix comigo‚Ä¶"
49,"Rafael t√° bravo cmg, me arrependi de matar aula"
50,N√ÉO ACREDITO QUE O AQUECIMENTO GLOBAL VAI ME MATAR ANTES DEU PODER CONHECER O TOM HIDDLESTON SE FUDER PLANETA T√ìXICO DO CARAL‚Ä¶
51,Quero matar quem t√° me matando
52,eu queria muito mesmo ter for√ßa de vontade de me matar
53,Te amo irma ‚Äî te amo!! vou matar a sdd hoje
54,se tivessem duas cadeiras uma com um bolo e outra com uma piroca oq vc escolheria: matar a *** ou ter estoque de‚Ä¶ ‚Äî KKKKKKKKKKKKKKKKKKKKKKKKKKKKKKKKKKKKK acho que estoque de manga e salada
55,"Ele quer me matar, s√≥ pode"
56,Sim :( desapareceu. Quero me matar hauaha
57,"o medo me paralisa e quando eu consigo levantar da cama, o meu corpo me faz ter tontura, v√¥mito, diarr√©ia, enxaqueca e suor frio √© nessas horas que d√° vontade de matar quem banaliza a ansiedade ou outros transtornos psicol√≥gicos"
58,s√≥ se for p meus vizinhos me matar kkkk eu moro em apartamente √©gua
59,ser√° que vou conseguir me formar na faculdade antes do aquecimento global matar todo mundo
60,Algu√©m me da uma arma que eu vou la agora matar esse filho da putaaaaaaaa
61,"Essa c√≥lica um diaaa vai me matar üôÑüò£ trabalhando ent√£o, pioraaa td !!!!!!!"
62,"Com essa cara de frutinha, ele vai me matar s√≥ se for de rir. ü§£ü§£ü§£ü§£"
63,medo do aquecimento global me matar antes de perder a virgindade
64,"Penso nele todo dia, mas meu maior medo √© tentar me matar e n√£o servir nem pra morrer"
65,O Governo do Brasil vai me matar dos nervos !
66,minha cabe√ßa t√° funcionando tipo a minha vontade de emagrecer x a minha vontade de me matar
67,Claro que √©. Por isso ele foi chamado pra matar mais um bandido. Nunca eles me chamariam!!!!
68,agora que eu sou maior de idade essa menina vai querer me matar pq n√£o da nd p ela kkkkk pd vir quente q eu to fervendooooo
69,Branda e o bn t√° me chamado pra matar aula. Kkkkkk
70,"penso nele todo dia, mas meu maior medo √© tentar me matar e n√£o servir nem pra morrer"
71,"Beb√™ amanh√£ , vou matar sua car√™ncia pprt ! ‚Äî Nao sei que car√™ncia kkkk"
72,Eu tentei mas eu percebi q eu n√£o presto nem pra me matar
73,tinhamos a faca e o queijo mas dai vc enfiou o queijo na bunda e tentou me matar com a faca
74,"Ter filhos g√™meos deve ser muito engra√ßado. Tipo tu t√° l√° cuidando dos dois bbs e puf. Misturou. Quem √© quem? Kakaakakakak ""Ai a patroa vai me matar"""
75,Minha tia vai me matar  Foi muito bom ter conhecido voc√™s
76,eu to exatamente assim agr nessa aula de fisica eu vou me matar
77,se um dia a velocidade me matar saiba que eu morri
78,"Eu sei que o tempo vai passar, bocas v√£o rolar Mas do jeito que o seu santo √© forte, ningu√©m vai me amar E eu vou voltar atr√°s s√≥ pra matar vontade Ficar sem voc√™ d√≥i mais do que ter s√≥ metade.."
79,eu j√° tava achando o absurdo o cache de 30 reais agora eu s√≥ quero me matar e me esconder num buraco de vergonha
80,a fapesp vai me matar de raiva
81,"O mundo podia acabar mesmo viu, j√° que eu n√£o tenho coragem de me matar"
82,a Bilu vai me matar :')
83,Nunca me esqueci quando um dia parecia que se iam matar os dois e eu s√≥ chorava apavorada e o meu irm√£o era beb√© e eu n√£o queria que ele chorasse e ele tava no carrinho e fui para o quarto com ele e fechei a porta pq n√£o aguentava mais aquele barulho e aquela violencia de mrda
84,Sinto que c√™ quer me matar
85,se eu pedir desculpa por ser homem vc posta ft do popo? ‚Äî se voc√™ se matar eu posto
86,"A√≠ gente eu n√£o tenho mais idade pra certas coisas n√£o, povo quer se matar se mata , mas me deixa fora disso tudo"
87,Youngjae n√£o cansa de me matar n√£o???? af
88,Minha m√£e vai me matar kkkkkk
89,"Siga seu caminho e ache o que te faz bem Eu sigo estourando canetas pra n√£o estourar Teu sorriso ainda me assombra, eu s√≥ n√£o sou ref√©m Mas n√£o vou ir atr√°s nem que eu precise me matar"
90,J√° me mandaram eu me matar akdjaksj pior que isso n√£o fica
91,Vou ter que me matar antes do presidente acabar com o pa√≠s
92,esse cartaz vai me matar
93,Queria que meu medo de ir para o inferno n√£o fosse maior do que a vontade de me matar
94,A√≠ Mano eu vou me matar eu n√£o aguento mais Mano vai se fuder
95,Eles tem um ditado sobre usar a faca pra matar ingleses. Deuxxxxx me livre mexer com esse povo.
96,com licen√ßa vou me matar e j√° volto
97,"Algu√©m por favor me ensina a matar uma pessoa!? e se n√£o for para me ajudar n√£o enche meu saco, eu vou matar sim, se tiver ach‚Ä¶"
98,"Vou te matar ! ‚Äî Ainda n√£o, deixa que o mundo vai acabar por me matar se n√£o fizerem nada para o proteger!!!"
99,"√Äs vezes penso que tentar se matar √© um ato de ego√≠smo pois s√≥ gera mais dor nas pessoas que est√£o ao nosso redor  Ao mesmo tempo que sei que, provavelmente, n√£o houve ajuda nenhuma por parte dessas pessoas.  Sei l√°, algu√©m me ajuda a refletir sobre?"
100,"v√©i kkkkkkkkk eu esqueci a sacola, Selton teve que voltar pra buscar e eu acho que ele queria me matar"
101,"Isso me lembrou meu primeiro bichinho de estima√ß√£o que era um galo tb kkkk o ""Galo da Ju"". S√≥ q ele tb era pra comer e eu n√£o deixava matar kkkk"
102,"Assista  pelo   - - Vejam o que est√° acontecendo em algumas empresas. Podem me matar, mas eu n√£o sou EXCLUSIVISTA!"
103,"AI MEU DEUS, vou me matar"
104,"Lorrayne √© zbct kkkk depois que eu matar ela, ela vai sossegar o rabo e parar de me gastar"
105,Quando pararem de enviar dinheiro para ongs de habita√ß√£o v√£o matar os indigentes? Fa√ßam me o favor...
106,"tenho bue formigas em minha casa e n consigo perceber de onde v√™m tp o formigueiro nsei onde est√° mas s√£o imensas e eu preciso d me livrar delas tp √© horrivel, elas come√ßam a subir as minhas pernas e ya n d√° mm mas n as queria matar ugh enfim oqq eu fa√ßo ajudem-me"
107,Postei um v√≠deo do keven nos melhores amigos e ele simplesmente vai me matar KKKKKKKKKK
108,"C√™ √© a irm√£ mais nova que vida me deu e que eu tenho que cuidar todos os dias, mesmo querendo te matar na maioria deles, te amo dmsss"
109,Essas parada ainda v√£o me matar
110,"mds, jovem aprendiz batendo na minha porta e eu nao posso fazer. vo me matar"
111,uma hr bioqu√≠mica e fisiologia v√£o me matar
112,Se nao der certo vou me matar
113,agora pra explicar meus fracassos eu vou falar: gente mas o aquecimento global vai matar todo mundo mesmo nao tem porque eu me desgastar tanto pra fazer dar certo
114,Minha m√£e vai me matar falou p mim est√° l√° em casa cedo e olha a hr que eu acordo kkkk pqp
115,se o cansa√ßo n√£o me matar a coluna mata ü§™ü•¥
116,"Eu consegui destroncar meu dedo enquanto dormia ???¬ø¬ø????? S√©rio, eu ainda vou me matar dormindo"
117,"minha m√£e tem vontade de me matar pq faltei ter√ßa e hoje, mas a culpa n√£o √© mh, meu sono que n√£o me deixa levantar"
118,Estes ci√∫mes parvos andam me a matar üí≠
119,eu vo me matar!!!!!!!!!!!!!!!!!!??!!!
120,"ser√° q eu devia me sentir culpada? nah.... aquecimento global vai matar tudo msm, vamo aproveitar"
121,"essa sinusite ainda vai me matar, bom dia ou n√£o üò¥ü§¶‚Äç‚ôÄÔ∏è"
122,a vontade de chorar na aula do seu l√©o que me deu... o ser humano realmente gosta de se matar enquanto n√£o morre
123,Algu√©m me da uma pomba preta com branco pra eu matar na primavera
124,Ramon e Bela foram pra Ganjah Lapa ontem e n√£o me chamaram vou matar os dois
125,esqueci meu √≥culos vou me matar
126,Esses meus ataques de ansiedade ainda vai me matar üòîüò™üíîüíî
127,PUTA MERDA TU QUE ME MATAR DO CORA√á√ÉO ????? S√ì VEEEEM
128,essa aula me da vontade de me matar de vdd
129,"saudade, sua desgra√ßada. ‚Äî aparece pra gente matar ela kkkkkk"
130,"Meu pai, delegado de pol√≠cia, foi entrevistado -- se n√£o me falha a mem√≥ria foi na Record -- e o jornazista lhe pergun‚Ä¶"
131,se o aquecimento global me matar antes de eu conhecer meus favs eu vou ficar mt pistola
132,me mata que eles nao tao bem ai sabe nao ligam pra caralho nenhum voce pode se matar de tentar educar eles que eles nao vao se preocupar nao estao abertos a dialogo nenhum so falar de esquerda √© de FUDER qualquer um pelo amor
133,"Uma vez eu b√™bada falei a meu irm√£o que queria me matar, a√≠ ele disse que se eu fizesse isso ele iria fazer tamb√©m  Tudo p mim esse menino"
134,nao consegui tirar quase nenhum print bom vou me matar
135,A√≠ meus pais v√£o me matar
136,TWICE FAZENDO DUAS LIVES AO MESMO TEMPO A MISSAO DELAS √â ME MATAR
137,espero q o aquecimento global n√£o demore mt p me matar pois n aguento mais
138,vou me matar
139,A diretora vai me matar porque n√£o sei se vai deixar eu entrar 11:30 na escola
140,Se o aquecimento global me matar antes de eu ficar rico vou fixar putasso vou nem entender
141,"Namorada do meu pai me deu um fone e eu j√° estraguei, ela vai me matar"
142,Vou me matar
143,indo tomar o rem√©dio q pode me matar uhul beijos
144,pago 50tao p quem me matar hj
145,Meu Deus se eu tiver com pneumonia msm eu vou querer me matar q me livrei da dor da fibro e ja peguei outra praga
146,tu que ta tentando me matar desse jeito :(
147,"A ERA DARK CHEGA PARA TODOS.   sem palavras, diferente mas um diferente maravilhoso. os vocais do luke caralho, 5sos voc√™‚Ä¶"
148,"bom dia √© o caralho, meu time perdeu, eu vou √© me matar"
149,"q merda q tu saiu de sv, gosto mto de ti e tuas hist√≥rias kkk vem p c√° dnv p me matar tentando subir o morro kkk deusolivre"
150,"Meu orgulho ainda vai me matar, mas enquanto isso eu sigo firme"
151,Sara vai me matar
152,"Faltei aula de hist√≥ria dnv, minha m√£e vai me matar kkkk"
153,[22/8 10:03] Dainna Verly: Chatice [22/8 10:03] Dainna Verly: Quer ficar de papinho bebendo no bar [22/8 10:03] Dainna Verly: Se tu inventar de matar aula p beber [22/8 10:03] Dainna Verly: Eu vou te matar  Ngm me respeita
154,Meu dentista vai me matar...
155,ALFIN PUDE ARREGLAR EL COMPUTADOR :D !! YEAH NO ME VAN A MATAR KJSDBCJHFDVCJH
156,eu to com muita c√≥lica vou me matar
157,Essa d√∫vida vai me matar!
158,"ja n√£o tive aula ter√ßa e quarta,ainda perco a hr hoje,meu pai vai me matar"
159,"bom eu ainda n te conhe√ßo mas sei q rolou um B.O entre tu e um amigo meu por√©m n√© vcs q s√£o brancos q se resolvam, te acho linda e ainda quero fazer teu ensaio, me defende qd eu matar um homi MAN DOWN RON PON PON PON"
160,"Aquela que passa as tardes mais tediosas comigo, que topa qualquer coisa, √†s vezes nos bate umas loucuras sem igual, m‚Ä¶"
161,OLHA QUE VC N TINHA O DIREITO DE ME MATAR ASSIM N VIU
162,jaehyun pq vc tentou me matar
163,"nossa o robson quer me matar, falando de bacon, presunto e mortadela, eu t√¥ com fomeeeeeeeeeeeee"
164,"E uma cara de cu do k7, geralmente querendo me matar"
165,Eu to arrepiando todinha lendo a carta de suic√≠dio do Get√∫lio Vargas puuuutz
166,"Eu acabei de escrever uma ""carta de suic√≠dio"" pro meu pai, pra ver se de alguma forma ele abre a porra do olho e v√™ que eu n√£o t√¥ ""legal"" pra ele fazer ou falar essas merdas(al√©m de ter algo GRAVE), e pra ele abrir a porra da mente e ver com mais seriedade"
167,"Cara, hj j√° acordei chorando com uma mensagem dif√≠cil do meu eterno irm√£o q recebi enquanto sonhava..  DENTRO AS MENSAGENS ELE FALAVA SOBRE UMA CARTA DE SUIC√çDIO..  ent√£o voc√™ que pode ser q nunca tenha me visto ou nem se quer falado comigo e ta passando por algo **CONTINUA**"
168,"Se vc est√° pensando em se matar entre em contato com o CVV, eles trabalham com a preven√ß√£o do suic√≠dio. √â de gra√ßa, eles ate‚Ä¶"
169,"mano, minha tia se formou em psicologia faz uns 2 anos e parece que eu sei mais sobre isso dq ela, td dia ela fica postando carta de suicidio de outras pessoas no facebook, da vontade de falar ‚ÄúTU N√ÉO SABE QUE ISSO PODE SER GATILHO PROS OUTROS N√ÉO??‚Äù"
170,"se algu√©m te falar sobre; ansiedade, p√¢nico e depress√£o, jamais menospreze. n√£o √© porque voc√™ n√£o v√™ uma crise que ela n√£o ex‚Ä¶"
171,Desabafar em letras que nunca vou lan√ßar √© basicamente minha carta de suic√≠dio que em algum momento ser√° lida
172,"bizarro que a sua vida √© um castelo de cartas, tem que montar com o maior cuidado e esfor√ßo carta por carta, mas a primeira merda que tu fizer √© como tirar uma carta da base ‚Äî tudo vai pro saco. e o pior de tudo: quanto mais alto, maior a queda. a√≠ perguntam pra que suic√≠dio..."
173,"Amigos, a carta de suic√≠dio do Get√∫lio Vargas e uma das coisas mais bem escritas que eu j√° vi. √â LINDA DEMAIS.   H√° algumas analogias relacionadas √† religiosidade, outras sobre a vida, noutras sobre a fraqueza pol√≠tica socio-hist√≥rica brasileira.   Leiam!"
174,BLOG DO EDSON ALVES | A Sua Rede de Not√≠cias: PM DEIXA CARTA COMOVENTE ANTES DE COMETER SUIC√çDIO...
175,Voc√™ percebe que o dia n√£o vai ser bom quando j√° levanta da cama com inspira√ß√£o pra carta de suic√≠dio
176,√â triste mas eu t√¥ fazendo minha carta de suic√≠dio
177,"""Quando algu√©m lhe falar sobre ansiedade, depress√£o, p√¢nico, jamais menospreze...N√£o √© por que vc n√£o v√™ uma crise que ela‚Ä¶"
178,"""Quando algu√©m lhe falar sobre ansiedade, depress√£o, p√¢nico, jamais menospreze...N√£o √© por que vc n√£o v√™ uma crise que ela n√£o existe... De ouvidos, se fa√ßa presente. Uma palavra pode definir se a pr√≥xima mensagem vai ser um bilhete de bom dia ou uma carta de suic√≠dio."""
179,"fu√ßar meus documentos do pc √© uma coisa obscura n√©, tava procurando um doc com alguma capa pra eu copiar pra um trabalho e achei uma carta de suic√≠dio que eu escrevi em 2016 quando tentei me matar... √©"
180,por um segundo de desespero pensei q fosse uma carta de suic√≠dio
181,"e ai, ja escreveram a carta de suic√≠dio de voc√™s?"
182,"agora que me caiu a ficha que domingo a noite eu fiz uma carta de suic√≠dio, esqueci de entregar e dai falei ""ah foda-se"" e agi como se nada tivesse acontecido."
183,vou come√ßar minha carta de suic√≠dio hoje
184,aqui fazendo minha mil√©sima carta de suic√≠dio üòçüòçüòçüòçüòçüòçüòç
185,‚ÄúSai da vida pra entrar na hist√≥ria‚Äù pessoal ta lendo mt a carta de suic√≠dio do Getulio Vargas
186,"E no fim, acaba que... ningu√©m nunca acha as palavras certas para uma carta de suic√≠dio, Pq sempre √© intenso de mais para descrever."
187,o que voc√™ pretende escrever a sua carta de suic√≠dio? ‚Äî Han ?
188,"se algu√©m te falar sobre: ansiedade, p√¢nico e depress√£o, jamais menospreze. n√£o √© porque voc√™ n√£o v√™ uma crise que ela‚Ä¶"
189,"n adianta eu mandar mensagem √† maria, ela n vai responder tal como quando inventou a propria carta de suic√≠dio postada no tt‚Ä¶"
190,"as vezes eu sinto tanto pelo kurt  tanto que chego a chorar toda vez que vejo a carta de suic√≠dio dele, pq ele era a voz que as pessoas n√£o tinham, eu nunca fui t√£o bem representada e acolhida em algo como as m√∫sicas dele e a banda"
191,"n adianta eu mandar mensagem √† maria, ela n vai responder tal como quando inventou a propria carta de suic√≠dio postada no tt e cagou na minha ajuda, mas por favor, os mais chegados a ela que falem c ela, she needs help e isso √© tao vis√≠vel. as historias n sao verdade e s chegou +"
192,"eu n√£o sei como mas do nada parei pra ouvir a carta de ""suic√≠dio"" de Get√∫lio"
193,"Antes de suic√≠dio, PM desabafa em carta de despedida"
194,‚ú® Ela continua: ‚ÄúMinha condi√ß√£o √© muito horr√≠vel para permanecer e ningu√©m percebe isso. Que final de vida para quem se‚Ä¶
195,minha carta de suic√≠dio de 2017 est√° uma merda kkkkkkkkkkkkk prometo que vou fazer uma melhor
196,Hoje eu li uma carta de suic√≠dio t√£o s√≥bria em um processo... isso mudou alguma coisa aqui. Quase palp√°vel.
197,lendo a carta de suic√≠dio de um conhecido do meu amigo
198,fazer a carta de suic√≠dio no espa√ßo na reda√ß√£o
199,Vou ali assinar minha carta de suic√≠dio
200,"Minha amiga parou de ir pra escola a duas semanas e simplesmente pediu pra uma amiga dela me mandar a carta de suic√≠dio que ela tinha feito, eu t√¥ desesperada"
201,"Mas o atalho na real n√£o tem nada a ver com pr√©dios. Enfim... Sei que em um dos andares a gente encontrou uma carta de suic√≠dio em meio aos entulhos, supostamente de uma mo√ßa que se matou por causa de um cara babaca. At√© que do nada eu achei o cad√°ver nos entulhos tamb√©m."
202,"√© verdade que o sequestrador escreveu uma carta de despedida? vi no outro site, mas acho que √© fake se for ele mesmo, foi o suicidio mais genial que eu j√° vi kkkk"
203,Que carta de suic√≠dio triste
204,minha m√£e deve ter achado que eu escrevi minha carta de suicidio porque ela parecia bem preocupada quando viu meu estado
205,"O cara se mata Acham q a carta de suic√≠dio dele --- q ta endere√ßada pra um cara da escola q ele deu um soco --- √© pro melhor amigo A carta na vdd foi tomada a for√ßa do suposto melhor amigo q na vdd tm sociofobia e escrevia cartas pra si msm cm terapia Dear Evan Hansen √©, olha..."
206,"An√°loga √† frase final da carta de suic√≠dio de Vargas, Bolso** usa de lema: ""Eu fa√ßo merda para entrar na hist√≥ria""  E no meio disso tudo assistimos a morte da Amaz√¥nia sem poder para impedir isso."
207,fora isso ele √© uma pessoa boa tbh eu nao julgo pq foi depois disso q a vida dele desandou e ele foi se afundando na depress√£o (algumas letras sugerem q ele √© bipo tho) e a maioria das letras falam de culpa etc etc o science fiction eh praticamente uma carta de suicidio
208,o eu com 14 anos chorando com a carta de suic√≠dio do kurt cobain existiu
209,"a vida √© enorme e voc√™ vai ser uma das pessoas que v√£o viver pra ter uma hist√≥ria linda pra contar, segura mais um pouco por favor, voc√™ n√£o iria querer ser agradecida por algu√©m que tu ama em uma carta de suic√≠dio, n√£o tem porque desistir se a supera√ß√£o existe üòî‚ù§"
210,"51. ainda tenho minha carta de suic√≠dio guardada, n√£o consigo jogar fora, me lembra de tudo q passei e o quanto sou forte"
211,se um dia eu cometer suicidio nem precisa de carta todos ja sabem que foi por causa das aula de matematica
212,"‚ú® Ela continua: ‚ÄúMinha condi√ß√£o √© muito horr√≠vel para permanecer e ningu√©m percebe isso. Que final de vida para quem sempre tentou fazer o seu melhor.‚Äù Algumas pessoas dizem que isso n√£o era uma carta de suic√≠dio, apenas um desabafo, mas nada √© comprovado. ‚ú®"
213,"Se vc est√° pensando em se matar entre em contato com o CVV, eles trabalham com a preven√ß√£o do suic√≠dio. √â de gra√ßa, eles atendem por chat, email, telefone (188), carta e pessoalmente Usei mais de uma vez e sempre recomendo Se demais uma chance"
214,Achei uma carta de suic√≠dio que fiz h√° muito tempo
215,se vc eh jovem e ainda nao escreveu uma carta de suicidio vc eh privilegiado sim
216,"O capitalismo tardio √© definitivamente a carta de suic√≠dio da humanidade. E uma carta de suic√≠dio burra, cheia de erros."
217,Acabei de lembrar aq que essa noite eu sonhei que tava fazendo minha carta de suic√≠dio.. ora ora
218,"Conhecer a hist√≥ria de GET√öLIO VARGAS √© condi√ß√£o para entender o Brasil, e projetar o futuro do nosso pa√≠s. Leia a carta testamento, e entenda o suic√≠dio que ‚Äúadiou‚Äù o golpe militar por 10 anos. Estude a hist√≥ria, e‚Ä¶"
219,"T√° tocando uma m√∫sica full depressiva na r√°dio, o cara ta meio q cantando uma carta de suic√≠dio pqp E foi o pr√≥prio cara q ta cantando q mandou a m√∫sica, eu t√¥ criando paran√≥ias √© isso"
220,"reescrevi minha carta de suic√≠dio, √© apenas uma e mais simples"
221,"Um pm rapaz novo cometeu suic√≠dio ontem aqui em BH, deixou uma carta de despedida... Triste demais"
222,"Quando algu√©m lhe falar sobre ansiedade Depress√£o,p√¢nico,jamais menospreze N √© por que voc√™ n v√™ uma crise que ela n ex‚Ä¶"
223,"""Aaaain...Que absurdo....um cranio de bode no uniforme!""  Segue abaixo carta de suicidio de um PM do RJ. PM comum, nem √© do BOpE"
224,"M√™s de Agosto  - primeiro m√™s de trabalho ‚úÖ  - roubaram-me a carteira ‚úÖ  - ter que refazer CC, Carta Cond., Passe e Cart√£o MB, entre outros ‚úÖ  - Preparar a reuni√£o da Praxe ‚úÖ  - ir ao Crato ‚úÖ  - suic√≠dio lento ‚úÖ"
225,"Quando algu√©m lhe falar sobre ansiedade Depress√£o,p√¢nico,jamais menospreze N √© por que voc√™ n v√™ uma crise que ela n existe De ouvidos,se fa√ßa presente Uma palavra pode definir se a pr√≥xima mensagem vai ser um bilhete De bom dia ou uma carta de suic√≠dio E isso n√£o √© uma poesia üòâ"
226,"na carta de suic√≠dio de get√∫lio vargas:   ""Eu vos dei a minha vida. Agora vos ofere√ßo a minha morte. Nada receio. Serenam‚Ä¶"
227,&lt;b&gt;J√° preparei minha carta de suic√≠dio to enviando a todos os meus amigos tentei ao maximo mas descobri que ningu√©m vive pra sempre bom e isso nos vemos algum dia üò™üò™üò™üò™üíî
228,Voltar as origens e fazer carta de suicidio
229,"Outro dia hist√≥rico no orkut foi na comunidade da Britney (6844) no dia do VMA 2007, tinha at√© t√≥pico com carta de su√≠ci‚Ä¶"
230,"bom, todos estes nomes listados aqui e agora estiveram na minha primeira carta de suic√≠dio. üòÑ eu pensei em me matar, mas n√£o sabia como. detalhe: a √∫nica pessoa que eu falei sem querer que queria me matar me incentivou, n√£o fa√ßam isso. isso apenas me destruiu mais."
231,A carta de suic√≠dio se deixa perto d corpo ou si entrega a alguem antes?
232,Eu cheguei a escrever uma carta de suic√≠dio de duas folhas p voc√™s terem no√ß√£o de como eu estava mal e decidido a morrer
233,POLICIAL MILITAR COMETE SUIC√çDIO E DEIXA CARTA DE DESPEDIDA - A.C.G News
234,"se algu√©m te falar sobre; ansiedade, p√¢nico e depress√£o, jamais menospreze. n√£o √© porque voc√™ n√£o v√™ uma crise que ela n√£o existe. d√™ ouvidos, se fa√ßa presente. uma palavra pode definir se a pr√≥xima mensagem vai ser um bilhete de bom dia ou uma carta de suic√≠dio."
235,"sim,essas fakes news s√£o o auge  rid√≠culo e essa carta de suic√≠dio t√£o ??? √†s vezes esse √© o pre√ßo que se paga por sabe ler k sofroh"
236,"Hoje eu tava vendo um video que eu gravei onde eu tava chorando muito e desejando estar morto, na verdade, eu estava lendo uma carta de suic√≠dio que eu escrevi. A luta que foi chegar at√© o ponto onde eu tenho a coragem de gravar um v√≠deo assumindo a minha identidade de g√™nero..."
237,"Acabei de ler uma carta de suic√≠dio de um PM, e porra... meu dia tava t√£o massa; agora to mal pra caralho üò™ Depress√£o n√£o √© brinquedo n√£o amigos, ajudem em quanto √© tempo !"
238,"acho que se eu escrevesse uma carta de suicidio ia colocar: ‚Äúme matei, a culpa √© toda de voc√™s, deixo o que eu tenho p c‚Ä¶"
239,"[41:09] ""isso √© uma carta de suic√≠dio?"""
240,"J√° fiz carta de suic√≠dio pra todo mundo, se eu me matar todo mundo tem uma cartinha."
241,Tem Adam's Song do Blink 182 que foi escrita baseada em um carta de suic√≠dio de um adolescente de 16 anos :S
242,"Com Amor, Van Gogh   Um ano ap√≥s o suic√≠dio de Vincent Van Gogh, Armand Roulin (Douglas Booth) encontra uma carta por ele enviada ao irm√£o Theo, que jamais chegou ao seu destino."
243,"amiga  ghost of you, broken home e invinsible  falo com tranquilidade que NENHUMA OUTRA musica deles ch‚Ä¶"
244,"Ent√£o, o lance √© que realmente √© uma carta suicida, s√≥ que rolou uma treta sobre o compositor da m√∫sica, e a suposta fam√≠lia do cara que se apresenta como compositor e cometeu suicidio. Da√≠ come√ßaram um monte de hist√≥rias, inclusive que ele se matou no pres√≠dio."
245,"Velocidade da Luz, do Grupo Revela√ß√£o, √© uma carta de suic√≠dio üò¢"
246,"Eu tbm menina, meu professor fez uma cena inteira pra ler a carta de suic√≠dio do Get√∫lio"
247,"""velocidade da luz"" do Revela√ß√£o √© uma carta de suic√≠dio  ""final feliz"" do jorge vercillo √© um casal gay sai‚Ä¶"
248,mano voces tao ligado que minha carta de suic√≠dio vai ter tipo umas 3 p√°gina xingando voces ne
249,"amiga  ghost of you, broken home e invinsible  falo com tranquilidade que NENHUMA OUTRA musica deles chega nesse ponto de t√£o triste   amnesia eh peixe pequeno perto dessas  ainda mais invis√≠vel que falam que eh uma carta de suicidio"
250,"""velocidade da luz"" do Revela√ß√£o √© uma carta de suic√≠dio  ""final feliz"" do jorge vercillo √© um casal gay saindo do arm√°rio"
251,Tou a ver que tas com vontade de morrer üòÇpra escrever uma carta de suicidio t√£o perigosa
252,Eu t√¥ chorando de SOLU√áAR com o Xam√£ narrando a carta de suic√≠dio do final da m√∫sica vai se fudeeeeeeeeeeeeeeeeeeeeeeeeeeeeeeeeeeeeeeeeeeeeeeeeeeeeeeeeeeeeeeee
253,Acabo de ler uma carta de suic√≠dio '-'
254,todo dia eu fzd uma carta de suicidio e n me matando e tendo q jogar ela fora pra ngm achar fodah
255,"achei a minha primeira carta de suic√≠dio, acho que vou queimar. eu li e senti tanta coisa ruim"
256,Respirei agora que tinha uma carta de suic√≠dio no bloco de notas üò¨
257,E meus amigos que acham que minha carta de suic√≠dio foi uma declara√ß√£o de amor coitados kk
258,"A Pol√≠cia investiga a causa da morte como um poss√≠vel suic√≠dio √† dois, o casal foi encontrado abra√ßado sobre o leito, j√° em rigor mortis.  A causa da morte foi por ingest√£o de melatonina seguida de ars√™nico.   A l√≠der da Roselia tinha consigo um papel de carta com uma cita√ß√£o de+"
259,"eu vou escrevendo minha carta de suic√≠dio √† cada dia, na esperan√ßa de um dia ser forte o suficiente a ponto de terminar isso"
260,eu n√£o acredito que estou num role em que est√£o lendo a carta de suic√≠dio de torquato neto
261,como come√ßar uma carta de suic√≠dio?
262,eu nem sei escrever uma carta de suic√≠dio
263,J√° escreveu sua carta de suic√≠dio hoje?
264,"hj a internet caiu por 4 horas, com certeza foi um sinal pra mim come√ßar a escrever minha carta de suicidio"
265,"Agora vai. Fui galera. Aproveitem oq eu n√£o aproveitei.  Escrevi a minha ""carta de suic√≠dio"" antes do que imaginava. Ent√£o me perdoem pelo oq eu vou fazer. Mas deu pra mim."
266,Hoje era o dia que eu tinha marcado na minha carta de suic√≠dio e mais uma vez estou aqui viva k
267,"N adianta fazer palestra sobre bullying falando que achou carta de suic√≠dio minha, que eu to melhorando, e em casa me chamar de burra, in√∫til e me xingar"
268,Eu queria a carta de suicidio de Vargas como papel de parede do meu quarto
269,"Uma curiosidade pra voc√™s:  Na verdade, ""A m√∫sica mais triste do Ano""de Luiz Lins √© uma carta de suic√≠dio. ‚Ä¶"
270,"minha carta de suicidio vai estar no meu tumblr pessoal, me segue la"
271,"Eu penso se a carta ao povo brasileiro do Lula n foi  o ‚Äúsuic√≠dio do get√∫lio‚Äù do s√©culo XXI, foi a tr√©gua de 10 anos antes das for√ßas golpistas de sempre se alinharem pra voltar ao poder q qq custo."
272,vcs reclamando disso aposto w n√£o viram q se procurar blusa de nirvana acha facilmente a carta d suicidio dele como estampa chega a ser nojento
273,EXATAMENTE KKKK a carta de suic√≠dio dele mais marcante que a carreira da maioria dos presidentes q esse pa√≠s j√° teve
274,depois que fizeram camiseta com a carta de suic√≠dio do kurt eu nao duvido mais de nada
275,"em 2011 o meu irm√£o adotivo cometeu suicidio, por causa de uma mulher, pelo menos foi o que ele disse na carta, minha m√£e ficou abalada e ate hj acha que a culpa √© dela, depois disso a depress√£o dela so agravou"
276,"J√° escreveram sua carta de suic√≠dio, mas n√£o teve coragem de dar o pr√≥ximo passo?"
277,n√£o acredito que t√¥ sendo obrigada a escutar a carta de suic√≠dio do Vargas na voz do Pok√©mon.....sinceramente
278,Aprender LaTeX pra fazer uma carta de suic√≠dio bem bonitinha e formatada
279,"Essa frase √© de um adolescente que amava Radiohead, Mutantes e Vitor Ramil. Foi escrita no dia de seu suic√≠dio. Era parte de sua carta de despedida. Ele dizia aos pais que a m√∫sica era a melhor maneira de enfrentar o desespero que viria."
280,"pensando em escrever uma carta de suic√≠dio, acho mt chique"
281,Carta de suic√≠dio isso
282,"a carta de suicidio de getulio vargas a frase ""saio da vida para entrar na historia"" √© a coisa mais CHIQUE da historia do‚Ä¶"
283,o que voc√™ pretende escrever na sua carta de suic√≠dio? ‚Äî Isso √© s√©rio?
284,Como vou fazer algu√©m feliz se penso na minha carta de suic√≠dio todos os dias?
285,"J√° dizia Marcello Gugu: quando algu√©m lhe falar sobre ansiedade, depress√£o, p√¢nico, ja‚Ä¶"
286,S√©rio piada racista no if eh uma carta de suic√≠dio n faz isso felip
287,"era do ash? eu s√≥ ouvia que era uma carta de suicidio, e que no final, as melodias eram porque a pessoa morreu"
288,meu alguma 5sosfan lembra quando saiu invisible ai geral come√ßo a fala q era uma carta de suicidio do ash manooooooooo
289,"Macri tem que ganhar, 33% de queda em apenas um dia √© a carta de suic√≠dio de uma na√ß√£o."
290,frase perfeita pra colocar na minha carta de suic√≠dio
291,Outra: essa pol√≠tica de seguran√ßa do governador do rj de carta branca p matar √© algo totalmente surreal. Morar em comunida‚Ä¶
292,"""...tudo o que tu ouvires daqui para a frente √© apenas descargo de consci√™ncia. Interpreta isto como a minha carta de suic√≠dio."""
293,"Neste dia em 14 de Agosto de 1945, o Ministro do Ex√©rcito japon√™s Korechika Anami assinara o termo de rendi√ß√£o e se suicidara pouco depois. Na imagem pode ser vista a carta escrita antes do suic√≠dio.  Fonte: WW2 Database"
294,"Eai fakes, ja escreveram a carta de demiss√£o de vcs hj? A minha de suic√≠dio ja t√° feita. Falta so a de demiss√£o"
295,vargas foi um cuzao mas a carta de suic√≠dio dele... ic√¥nico
296,Outra: essa pol√≠tica de seguran√ßa do governador do rj de carta branca p matar √© algo totalmente surreal. Morar em comunidade e defender uma coisa assim √© quase um suic√≠dio
297,A carta de suic√≠dio do Vargas √© t√£o grande que deveria se chamar Simulado Especial de Linguagens Santa Maria Floresta Seg‚Ä¶
298,A carta de suic√≠dio do Vargas √© t√£o grande que deveria se chamar Simulado Especial de Linguagens Santa Maria Floresta Segunda Etapa 2019
299,"ùô©ùôùùôö¬†ùôõùôûùô£ùôñùô°¬†ùô®ùôùùô§ùô¨¬†/ Au Larry!!   Ap√≥s o suic√≠dio duplo de seus pais, Hope encontra junto com a carta de suic√≠dio, o di√°rio‚Ä¶"
300,Se eu realmente tiver coragem de me matar d uma vez eu vou tratar de dar um serm√£o nuns a√≠ na minha carta de suic√≠dio pra ver se assim os imbecis se tocam do qu√£o escrotos s√£o
301,"Bolsonaro vai se matar e na carta de suic√≠dio estar√° escrito ""outro dia fui fazer xixi e acabei lavando as m√£os depois.... N√£o aguentei o fardo de me tornar um esquerdista, ta ok?"""
302,aula de matem√°tica e eu escrevendo carta de suic√≠dio
303,triste com a nota de reda√ß√£o e planejando meu suic√≠dio abra√ßada com a prova
304,"era simples, era s√≥ elogiar, ai as crian√ßas come√ßam a soltar varias asneiras, o mec abaixa a nota, o curso deixa de ter um bom reconhecimento, nosso certificado vem com nota ruim e todo mundo se fode por causa das crian√ßas que praticamente cometeram suic√≠dio s√≥ de abrir a boca"
305,"Suic√≠dio: Pior do que fascismo educativo? Maria, prostituta, 44, publica nota dizendo que quer saber quem √© o idiota que acha isso tosqueira apesar de que n√£o vai terminar em pizza."
306,Like por torcer pela empresa te contratar e deixo minha nota de rep√∫dio ao suic√≠dio. Rep√∫dio
307,"De fato, n√£o adianta gerar outro imposto que n√£o depende de nota fiscal. J√° temos impostos demais e gerar CPMF √© suic√≠dio. Gostaria de saber de onde vc tirou essa ideia absurda."
308,"Os pol√≠cia de Heather s√£o meio burros n√©? Veja aqui dois jovens baleados nas costas... Uhm..... Tem uma nota de suic√≠dio aqui do lado.... √â, seems about right foi suic√≠dio sim"
309,"irm√£os... nas suas cria√ß√µes e aventuras. Em 2007, Candace Flynn, de 14¬†anos¬†√© encontrada morta em seu quarto, juntamente com uma nota de suic√≠dio escrita na √∫ltima p√°gina de seu di√°rio; de acordo com m√©dicos legistas, Candace morreu de uma overdose intencional de v√°rias drogas."
310,"De que Presidente est√° falando, Katapiroquinha?  Nonho  , que √© teu char√° nota 8 e blindou esta desgra√ßa junto com todo DEM,  Ou  Nosso Presidente que √© ""antidemocr√°tico e deveria abandonar ou cometer suic√≠dio"" segundo MBLixo, seus abigos de Playstation?"
311,mensagem para:  1. Tsv 2. A solu√ß√£o √© o suic√≠dio  3. Vem logo mzr j√° to cansado de te esperar  4. Tmj bando de arrombado amo vcs  5. Aparece tabacuda e deixa de frescurinha  6. OH M√î ME NOTA  7. Sla 8.‚ùå 9. Minha preferida 10.‚ùå                      mande um emoji pras perguntas!
312,peguei a nota da rec de matem√°tica aiai j√° vejo o suicidio
313,"""vamos acabar com o coc√¥ do brasil"" √© uma nota de suic√≠dio?"
314,"Incr√≠vel q 13 reasons why era sobre o suic√≠dio de uma garota e agora √© sobre o assassinato de um estuprador escroto q n deixava ningu√©m em paz. Parab√©ns, nota 0"
315,"Se minha m√£e soubesse a bagun√ßa que esta dentro de mim, de como acordo todos os dias pensando em como vou sobreviver mais um‚Ä¶"
316,O novo √°lbum da Lana ta vindo ai pra acabar com a minha vida mais uma vez
317,Acho que j√° me mentalizei que nunca vou ter algu√©m a gostar de mim e que vou acabar a minha vida sozinha a viver com os m‚Ä¶
318,"Ngm sabe da madrugadas que eu passo chorando,ngm sabe dos dias em que oque eu mais quero e acabar com a minha vida,ngm soube do dia do que eu mas precisava era um abra√ßo,ngm NUNCA sabe como eu realmente estou.Sou sempre eu, apenas eu comigo mesma,me consolando e dizendo q t√¥ bem."
319,"Oi minha ruivinha favorita! te amo demais, nunca deixe pouca coisa acabar com a tua vida, tu merece coisa melhor"
320,"o Flamengo vai acabar com a minha vida, tenho certeza. E olha que eu nem vejo jogo, bom dia so pra quem chegou agora no trabalho üëç"
321,Eu continuo empurrando as coisas que acontecem na minha vida com a barriga... N√£o sei se √© medo da mudan√ßa ou realmente se s‚Ä¶
322,√â incr√≠vel o poder q as pessoas tem p acabar com a minha vida!
323,acabei de faze uma piada de tep pra marina alguem favor acabar com a minha vida
324,4 aulas de Patologia √© pra acabar com a minha vida mesmo
325,Agr sinto que meu est√¥mago vai acabar com a minha vida
326,"ddlc e undertale, os dois a 80km para acabar com a minha vida"
327,"s√≥ esse teste de matem√°tica p acabar com a minha vida"""""" nada de b dia"
328,meu deus eu ja acordo desse jeito parabens hyejoo por ACABAR COM A MINHA VIDA
329,"Nem bem comecei a namorar de nv e ja tao inventando , mentira pra acabar com ele , minha filha ""o"" porq n cuida da sua pr√≥pria vida e n saia falando mentiras , papo reto üñêÔ∏èü§ô"
330,"abri o Facebook por acaso e veio a melhor lembran√ßa, 5 anos que conheci o Rafael e mesmo distante nda foi capaz de acabar com nossa amizade, eu sou mto grata por ter ele na minha vida. ‚ù§"
331,online e a procura de alguma gata que queira acabar com minha vida
332,O nico quer acabar com a minha vida errando um gol desse
333,"Eu n√£o consigo me abri com ningu√©m, e nem explicar oq eu t√¥ sentindo, as vezes eu s√≥ queria acabar com a minha vida. Mas o maldito medo contante que eu sinto me impede at√© de fazer isso. Eu sou totalmente e definitivamente o ser mais in√∫til desse mundo"
334,"A 1 ano atr√°s eu estava vivendo a pior fase da minha vida, tive crises horr√≠veis, achei que aquilo nunca fosse acabar! Hoje, um ano dps estou vivendo a melhor fase da minha vida, com uma pessoa incr√≠vel, que move montanhas por nossa fam√≠lia. Deus nunca me abandonou!!!"
335,"pqp, minha vida t√° maravilhosaaaaa. as pessoas querem destruir e acabar com a minha felicidade mas n daaaaa pq Deus √© maravilhosooooooooooooooooooooo"
336,20 inclusive obga  por acabar com a minha vida
337,"Que desgra√ßa de mulher, filha do 7 pele, do mochila de crian√ßa, essa teria f√°cil a permiss√£o de acabar com minha vida"
338,vou voltar pra minha s√©rie perfeita to com pena de acabar mas eh a vida
339,eu vou acabar com a minha vida
340,filho da puta veio pra s√£o paulo pra acabar com a minha vida de bandidona
341,Que vontade de acabar com a minha vida üíã
342,"Ningu√©m t√° falando e bandido o animal, ningu√©m vem com uma placa na testa dizendo que √© um babaca que vai acabar com a sua vida. Voc√™ dizendo isso s√≥ ajuda ainda mais na minha l√≥gica. Voc√™ n√£o entende o assunto, voc√™ n√£o sabe o que fala, fala como se fosse f√°cil, mas n√£o √©"
343,[21/8 23:56] : Tu √© a medida certa pra acabar com a minha vida m√¥ kkk [21/8 23:56] üéÄYas de MeloüéÄ: Oxii kkk
344,Seven Nations Army n√£o d√° mais...devoto a minha vida a acabar com isso kkkkkkkkkk
345,a m√∫sica da minha vida. creio que vou me acabar de chorar no show de uma maneira que vou sair direto p hospital desidratada
346,E vou acabar com a minha vida se eu continuar aqui
347,o Internacional ainda vai acabar com a minha vida
348,Esse time vai acabar com a minha vida
349,"tem dias que eu realmente me pergunto se eu mere√ßo tudo isso sabes, eu n√£o desejo o mal a ningu√©m, n√£o odeio ningu√©m ( as vezes o meu santo s√≥ n√£o bate), sou sempre sincera com tudo mas s√≥ entra gente na minha vida pra acabar com meu psicol√≥gico"
350,"Obrigada por acabar com a minha vida Inter, ESTRAGOU MINHA SEMANA (mas ainda te amo)"
351,Simmm ainda tem mais dois dias pra acabar com a minha vida üòçüòç
352,Porque as pessoas gostam tanto de infernizar a vida do pr√≥ximo? Eu te digo uma coisa n√£o vai ser voc√™ ou qualquer outra pessoa que vai conseguir acabar com a minha vida.
353,"acho uma palha√ßada o mundo ""acabar"" antes de eu casar cm a minha vida"
354,eco eco ainda vai acabar com a minha vida
355,Flamengo ainda vai acabar com a minha vida!!!!!
356,Ah Flamengo voc√™ vai acabar com a minha vida
357,"voc√™ √© incr√≠vel, cr eu agrade√ßo todos os dias por ter voc√™ em minha vida! obrigada por tudo que fez e faz por mim ok? eu‚Ä¶"
358,A frase que nunca vou esquecer:  ‚Äúcarinha de quem vai acabar com a minha vida‚Äù
359,Minha filha se a sua manifesta√ß√£o n√£o consistir em acabar com a vida de todos os grileiros latifundi√°rios e presidente vc nem precisa divulgar
360,Anatomia e escultura dental chegou pra acabar com a minha vida acad√™mica
361,"quando fiz psicopatologia foi com o melhor professor do mundo tamb√©m, queria que ele fosse meu professor de todas as mat√©rias at√© acabar a minha vida"
362,Acabei de acabar com a maior d√∫vida da minha vida puta que pariu!!!!!!!!
363,eu deixei o refrigerante acabar com a minha vida eu t√¥ me sentindo sla quero morrer na real
364,"S√©rie nova t√° foda, Steven quer acabar com a minha vida e a da Carla"
365,to me sentindo t√£o mal e nessas horas que d√° vontade de fazer uma merda e acabar logo com a minha vida
366,esse calend√°rio novo vai ser √≥timo pra acabar com a minha vida
367,"Eu at√© podia contar a hist√≥ria dos dias em que pensei acabar com a minha pr√≥pria vida.. mas ya, √© muito forte."
368,eu tamb√©m sou kkkkkkkkkk pq eu acho que nunca vai aparecer uma pessoa na minha vida q v√° suportar as minhas dores e o caos q eu sou por isso q quando eu falo q vou acabar sozinha n√£o √© exagero kkk eu sou muito disposta e muito cora√ß√£o aberto mas n√£o acho ningu√©m com a mesma vibe
369,EU N√ÉO AGUENTO MAIS A SONY FODENDO A MINHA VIDA  PRIMEIRO ELA ACABA COM TUDO QUE EU GOSTAVA NA IND√öSTRIA MUSICAL   AGORA ELA‚Ä¶
370,"jorja smith sinceramente se vc quiser acabar com a minha vida eu deixo, maravilhosa de gostosa!!!!!!!!!"
371,oq pretende fazer depois do ensino m√©dio? ‚Äî terminar de acabar com a minha vida
372,Assistam: Infelizmente tive que parar de seguir muitos usu√°rios pela quantidade de material pornogr√°fico que estava aparecendo em minha linha do tempo.  COMO A PORNOGRAFIA VAI ACABAR COM A SUA VIDA  via
373,voc√™ n√£o se cansa de acabar com a minha vida?
374,"Se minha m√£e soubesse a bagun√ßa que esta dentro de mim, de como acordo todos os dias pensando em como vou sobreviver mais um dia, de como passo o dia pensando em formas de acabar com minha vida. (Parte 1)"
375,"ya tou destinado a ser solteiro ate a minha vida acabar , o tipico"
376,"dessa vez ele escolheu voce pra acabar com a minha vida, outra vez eu to colecionando garrafas vazias"
377,"Eu espero que todas as pessoas que est√£o ajudando a acabar com a minha vida paguem, e n√£o, n√£o estou desejando o mal s√≥ estou desejando a lei do retorno"
378,achas que tem o que √© necess√°rio para acabar com a minha vida? clique aqui
379,A minha vida √© resumida em acabar com os match do Tinder e n√£o conseguir nenhuma combina√ß√£o. Seguimos...
380,"A meta do Rosado toda sexta feira √©, acabar com a minha vida e a do meu namorado ü§™"
381,"estou completamente farta de certas cenas na minha vida, mas sei que se acabar com elas acabo por perder muita coisa e n√£o estou disposta a isso"
382,"voc√™ √© incr√≠vel, cr eu agrade√ßo todos os dias por ter voc√™ em minha vida! obrigada por tudo que fez e faz por mim ok? eu amo mto e se um dia a nossa amizade acabar eu surto e dou um jeitinho e vamos voltar com essa amizade linda!!!!! prometo ficar sempre do teu lado. te amo bf"
383,"Eu amo minhas melhores amigas, mas sinto elas distantes, inclusive eu. To com medo de acabar a amizade gente, vcs n√£o tem no√ß√£o! Elas s√£o tudo pra mim, estiveram comigo em v√°rios momentos da minha vida, agr sinto q tudo isso vai acabar... eu tenho medo üò≠üò≠üò≠"
384,Puts se existe uma coisa que eu sinto falta pra caralho √© a minha leveza vai se foder vida por acabar com ela
385,cortei meu cabelo em casa s√≥ e ta lindo mas mainha vai acabar com a minha vida boa noite
386,The 100 foi a maior decep√ß√£o da minha vida no quesito casal. Parei pra pensar agora se eu j√° vi alguma s√©rie com um casal l√©sbico que teve um relacionamento sem essas coisas exageradas pra acabar com elas e tals... Nada me vem √† mente.
387,Acho que j√° me mentalizei que nunca vou ter algu√©m a gostar de mim e que vou acabar a minha vida sozinha a viver com os meus gatos.
388,"Te amo cara, para de acabar com a minha vida! ü•∞"
389,"Pq eu n√£o sei lidar com minha intensidade? √â s√≥ mais uma pessoa na minha vida mas parece que √© a √∫nica. Preciso saber que n√£o consigo prever se ela vai ficar ou n√£o na minha vida, isso vai acabar acabando cmg..."
390,vou assistir um document√°rio agora que vai acabar com a minha vida se chama ‚Äúmilk sistem‚Äù
391,"As vontades que eu tinha de acabar com a minha vida em 2016 tiveram um fim s√≥ porque eu me perguntava ""e se eu passar no Enem? ü§îü§î""   Enem salvando vida mores üáßüá∑üáßüá∑üáßüá∑üáßüá∑"
392,"Achei que com a volta da faculdade minha vida de mestre Pok√©mon ia acabar, chego hoje, tem uma Pokestop na faculdade kkkkkkk"
393,"a bea postando foto do role no nos trilhos, √© pra acabar com minha vida msm kkjkkkkjkkkkk :(((((("
394,vc ainda vai acabar com a minha vida
395,o planeta vai acabar e eu n√£o vou conhecer e nem abra√ßar a mulher da minha vida
396,"Pensando em largar a escola e viver minha vida enquanto ainda d√°, o aquecimento e o ser humano v√£o acabar com tudo mesmo"
397,Que √≥dio eles colocam prova depois  gincana depois prova depois simulado na outra semana  √â pra acabar com a minha vida
398,"Pelo amor de Deus  eu n√£o tenho mais mem√≥ria no meu celular n√£o, n√£o me fa√ßa apagar minha fotos dos meninos pra por mais uma jogo e acabar com a minha vida pessoal ....  BIG HIT PELO AMOR DE DEUS LAN√áA LOGO PQ EU VOU APAGAR TUDO PRA JOGAR ESSE JOGO SOCORRO"
399,obrigada por acabar com a minha vida gustavo üëç
400,Tens carinha de quem n√£o vale nada e que vai acabar com a minha vida ‚Äî o cautela kkkkk eu prestoüòé
401,"n√£o SUPORTO essa press√£o e cansa√ßo em rela√ß√£o a provas na escola, aprenderia bem mais e ficaria bem mais tranquila caso n√£o‚Ä¶"
402,"n√£o SUPORTO essa press√£o e cansa√ßo em rela√ß√£o a provas na escola, aprenderia bem mais e ficaria bem mais tranquila caso n√£o dependesse ir bem pra atingir uma m√©dia e passar e n√£o acabar com minha vida e meu futuro e toda essa press√£o desgra√ßada"
403,"Vou acabar com a minha vida, antes que ela acabe comigo..."
404,"Vou fazer uma parada que vai acabar com a minha vida ,aguento mais isso nn ff"
405,S√≥ quero que chegue domingo logo  Vou acabar com a minha vida na quela quadra
406,"Minha av√≥ foi uma pessoa que literalmente S√ì SE FODEU NA VIDA, maltratada por um bando de netos ingratos, que s√≥ souberam sugar ela, ela com toda certeza √© a melhor pessoa que eu conhe√ßo nesse mundo, e agora vem essa merda de c√¢ncer, para acabar com o resto de vida dela..."
407,V√£o acabar com a EBC üò≠  Passei parte da minha vida assistindo a programa√ß√£o da TV Brasil. Tive o prazer de visitar os est√∫dios da emissora durante a faculdade. Uma pena ser privatizada.
408,esse bagulho de filosofia veio pra acabar com a minha vida
409,Netflix doida pra acabar com a minha vida social
410,O sem no√ß√£o vem e responde meu story com um ‚Äúcara de quem vai acabar com a minha vida‚Äù cora√ß√£o kkkkkkkk n√£o quero nem entrar nela eu em despousa
411,"Com l√°grimas nos olhos, depois de um desentendimento ainda assim tratei de projectos via online chat que vai influenciar a minha vida profissional.  o profissional do ! Eu poderia acabar de chorar e marcar p/ outro dia + oportunidades s√£o escassas nos dia de hoje!"
412,Por causa do SUS eu posso ter o meu pr√© natal de alto risco com u‚Ä¶
413,Esse √¥nibus do mangueira acabar com a minha  vida
414,"Hoje, completando 7 meses de tratamento eu percebo o qu√£o f√∫til eu era. Existem tantas pessoas a√≠ que s√≥ querem mais um dia de vida e eu s√≥ queria acabar com a minha. Percebo que me machucava pelas pessoas e coisas erradas, me jogando cada vez mais em um po√ßo. (+)"
415,Beyonce cantando ‚ÄúI‚Äôd rather go blind‚Äù da Etta James pode entrar e acabar com a minha vida todinha vem
416,"tenho certeza que quem tem mais a perder nessa hist√≥ria √© ela, eu posso muito bem acabar com a vida dela, mas eu amo a minha irm√£ demais pra isso."
417,"Se hoje eu tenho for√ßas para lutar, √© tudo gra√ßas a ele. Um verdadeiro anjo sem falhas, capaz de acabar com as minha crises de ansiedade apenas com um sorriso. O verdadeiro amor da minha vida, tudo o que tenho de mais importante e belo."
418,vem acabar com a minha vida
419,alguem se habilita a dar um tiro na minha cara e acabar com a minha vida por favor?
420,"Se eu encontrar algu√©m colocando fogo numa √°rvore na minha frente: Vou matar! Posso at√© ser preso, mas vou acabar com a tua vida! JURO POR TUDO!"
421,"mt chata mas tbm conheci pelo putro la ne, tem fts pra acabar com a minha vida. amo."
422,"pq estudar, trabalhar e viver se o capitalismo vai acabar com toda forma de vida na terra mesmo, inclusive a minha?"
423,voc√™s est√£o a jogar para acabar com a minha vida?
424,"""Poxaaa por causa disso n√£o vou dar minha b***** pra garota q eu gosto porque nenhuma s√©rie LGBT+ me influenciar√°. Obgdo PrEsIdEnTe por 'acabar' com aqlo q tbm me influencia a chupar a b***** dela.""  Meu dinheiro √© p√∫blico tbm taokey? E a Amaz√¥nia? S√≥ faz merda hem MiTo crlhoüëç"
425,Daqui a pouco vou ler os textos e fazer os trabalhos com certeza de que o mundo vai acabar e a coisa mais impressionante que eu fiz na minha vida foi ter passado pra UERJ
426,"isso me assusta porque sei que t√¥ pr√≥xima do meu limite e tenho medo do que vou fazer quando eu atingir ele. tenho medo dessa vez dar certo, n√£o por medo de morrer, mas sim de acabar com a vida da minha fam√≠lia. t√¥ em desespero e n√£o tenho cabe√ßa pra escola. chega pra mim."
427,Se for para entrar na minha vida e acabar com a minha sa√∫de mental me avisa antes para eu j√° marcar as terapias.
428,"Velho.... Deu uma bolinha na minha m√£o e ela come√ßa a co√ßar sempre q eu fico estressado.... N√£o acredito que com 21 anos ja desenvolvi doencinhas de estresse iguais a do jorge.... Pode acabar vida, ja deu!"
429,"tiraram o homem aranha da mcu, tiraram o ""hey kids, spelling is fun"" de ME!  sinceramente vcs querem acabar com a minha vida"
430,foi confirmado: a bighit realmente quer acabar com a minha vida social
431,"minha depress√£o, ansiedade, e baixa autoestima sabendo que s√£o as √∫nicas que conseguem acabar com a minha vida"
432,"vou te socar. vc quer acabar com a minha vida, sua piranha"
433,Setembro √© meu anivers√°rio e eu s√≥ consigo lembrar q em outubro faz dois anos q eu quase consegui acabar com a minha pr√≥pria vida
434,O GAROTO VC N√ÉO CANSA DE ACABAR COM A MINHA VIDA N√ÉO √â
435,incr√≠vel como eu consigo acabar com a minha vida
436,"3 coisas que me deixam completamente fulo da vida com um humor lixo √©: calor, fome e quebra de promessa responsabilidade. Tem feito tanto calor que a √∫nica coisa que eu fa√ßo √© ficar na minha sem intera√ß√£o com ningu√©m porq eu sei que vou acabar sendo grosseiro mesmo sem inten√ß√£o"
437,"N√£o vou mentir, Setembro vai ser um m√™s que vai mudar a minha vida bu√©, candidatar-me p√° marinha, acabar este curso de‚Ä¶"
438,"nd nada NADA  N A D A, vai acabar com minha alegria hoje, estou muito feliz e n√£o me sentia assim a um bom tempo!   obrigada , te amo vida."
439,"Marilia mendon√ßa rainha cada m√™s lan√ßando uma sofrencia pra acabar ainda mais com a minha vida, amo"
440,"Frase n√£o √© minha, mais deve ser repassada: ""o que ir√° acabar com sa√∫de da humanidade hoje, √© a exalta√ß√£o da vaidade, como a selfie, o ato de viver pelo momento, de viver a vida pelo outro ""virtual/real"", mesmo a ferramenta sendo boa, quem a usa √© quem a torna problem√°tica"". L.K."
441,"eu amo minha sintonia com meus melhores amigos mas n√£o precisa acabar com meu rel√≥gio biol√≥gico, qualquer coisa com Isabella‚Ä¶"
442,"Eu nao posso brigar nunca com a Leticia, pq as fotos q ela tem da pra acabar com a minha vida em segundos"
443,"Como dizia o estraca : ‚ÄúEu quero ouvir a voz do povo , Lutar por uma utopia  Criar um planeta novo Minha loucura assumida  Nesta terra falecida  Acabar com a ra√ßa humana  Criar uma nova vida ‚Äú"
444,"Plmds n√©, entenda que ele s√≥ comemorou pelo simples fato de grandes militares terem evitado um grande trag√©dia e n√£o acabar como o sequestro do embarque do √¥nibus 174, que marcou a vida de muita gente. O motivo dele ser doente n√£o justifica o que ele fez, enfim, essa √© minha opn."
445,Eu continuo empurrando as coisas que acontecem na minha vida com a barriga... N√£o sei se √© medo da mudan√ßa ou realmente se s√≥ t√¥ esperando o ano acabar
446,minha filha vc quer acabar com a sua vida???
447,se a pessoa n√£o tem cara de quem vai acabar com a minha vida eu nem quero ü§∑üèª‚Äç‚ôÄÔ∏èüòå
448,"nenhuma eu desistir e acabar com minha vida. √© maravilhoso voltar a viver e voltar a ter amor pela vida...eu que sempre vive tudo intensamente, voltar √© espetacular."
449,"O FLUMINENSE ME FAZ MUITO MAL,VAI ACABAR COM A MINHA VIDA ESSE TIME DE MERDA DO CRL"
450,ai jeon jungkook tu quer acabar com a minha vida que eu sei
451,"Eu acho engra√ßado que eu tento n√£o ser t√≥xica pra ningu√©m  Mas n√£o n√£o penso duas vezes em ser absurdamente t√≥xica comigo Tipo, eu sei que vou acabar com a minha vida e eu olho e falo QUERO, BORA, AGORA, GO GO"
452,"Por causa do SUS eu posso ter o meu pr√© natal de alto risco com um acompanhamento t√£o bom que foi capaz de descobrir a minha imunidade a toximoplasma, o parasita que pode entrar na placenta e acabar com a vida da minha filha, eu descobri que tenho hipotiroidismo e estou +"
453,"Ja perdi os meus pais, se perdesse a pessoa que eu amo acho conseguia acabar com a minha vida na primeira noite sozinha üòî‚Ä¶"
454,puta que me pariu eu s√≥ quero acabar com a minha vida
455,COMO √â QUE EU VOU SEGUIR DE ACORDO COM PIED PIPER SE A BIGHIT RIR DA LETRA E INVENTA DE FAZER OUTRO JOGO PRA ACABAR DE VEZ COM O MINHA VIDA SOCIAL????? NAMJOON VEM C√Å RASPA MINHA SOBRANCELHA
456,"Parab√©ns amor da minha vida, clube com a hist√≥ria mais bonita do mundo!  Se puder fazer um time competitivo ano que vem pra parar de acabar com o meu final de semana eu agrade√ßo"
457,"eu amo minha sintonia com meus melhores amigos mas n√£o precisa acabar com meu rel√≥gio biol√≥gico, qualquer coisa com Isabella ou Renan e eu acordo do meu sono de beleza dif√≠cil a vida da crente"
458,"to prestes a acabar com a minha vida, to baixando Free Fire"
459,"Vontade de desistir, acabar com a minha vida"
460,"Ja perdi os meus pais, se perdesse a pessoa que eu amo acho conseguia acabar com a minha vida na primeira noite sozinha üòî"
461,Agora que eu t√¥ feliz com a minha vida o mundo vai acabar q legal
462,No √∫ltimo tempo de 12:50 ainda pra acabar com a minha vida
463,me lado desastrado vai acabar com a melhor coisa que aconteceu na minha vida nos √∫ltimos anos to at√© vendo j√°
464,"eu desisto de ter uma vida boa, mano. √© na escola, √© em casa. √© em todo lugar, tudo me afeta e ainda tem gente filha da puta que quer acabar com a minha vida."
465,EU ODEIO MTMTMTMT A ESCOLA FOI ESSA MERDA QUE DESTRUIU MINHA VIDA BOLSONARO PODE ACABAR COM TODAS AS ESCOLAS JA!!!!!!!
466,com licen√ßa quanto voc√™ cobra pra acabar com a minha vida
467,"dps de anos achando homem aranha um saco, vem o tom e muda meu pensamento. ai so pq eu me apaixonei pelo homem aranha agr v√£o acabar com a minha vida  TOMAR NO CU"
468,queria tanto ter coragem pra acabar com a minha vida de uma vez
469,"Vou contar uma coisa pra voc√™s, Filipe ret na sensualiza vai acabar com a minha vida"
470,"Nem curto falar da minha vida particular mas √© foda, meus problemas n√£o compartilho com ningu√©m mesmo, eu gosto de guardar m√°goa pra mim mesmo e isso vai acabar prejudicando minha sa√∫de. Sei que preciso fazer alguns sacrif√≠cios por mim mesmo."
471,vo fica mt puto se eu ter estudado minha vida toda e o mundo acabar justo agora que to me formando
472,"ao inv√©s de dormir com uma garrafa de agua do lado eu dormi com uma garrafa de del valle uva, minha vida vai acabar logo mores"
473,"Se o mundo acabar antes de eu ser feliz com o amor da minha vida, eu vou ficar puto"
474,"Eu to muito triste com o que t√° acontecendo, s√©rio. Daria minha vida pra acabar com esse fogo matando os bichinhos e nossa mata :(  Os bichinhos sendo queimados vivos üíî"
475,E eu achando q o auge da minha vida acad√™mica foi acabar o trabalho 3 min antes das 00:00
476,Pela primeira vez na minha vida eu estou planejando ir para uma manifesta√ß√£o  Esse governo realmente tem que acabar
477,marvi vai acabar c minha vida
478,Falta qnts dias pra s√©rie minha vida acabar?
479,sera q vou encontrar o amor da minha vida antes do mundo acabar??
480,Essa semana e na outra to trabalhando todos os dias dai ta meio corrido mas espera acabar essa tempestade na minha vida que tudo vai dar certo
481,Esses flerte de metr√¥ ainda vai acabar com minha vida
482,"eu gostaria muito de APAGAR f√≠sica da minha vida e eu vou fazer isso quando eu acabar a escola, voc√™s v√£o perguntar o que‚Ä¶"
483,Estou numa fase da minha vida em que s√≥ quero acabar com todos os conflitos com inimigos e toda essa merda. Esta vida √©‚Ä¶
484,Aparentemente minha meta de vida √© arranjar mais gente pra falar que eu sou exagerada pra acabar nunca mais acreditando que o que eu sinto √© real e que eu mere√ßo cuidado
485,"SOLTEIROOOOO NOVAMENTEüò¢üò•S√≥ pra constar e acabar logo com os mimimisüò°üò°üò° Para todas as pessoas que andam falando mal da minha vida aqui, quero esclarecer o que aconteceu com o meu relacionamento, para que depois..."
486,"eu gostaria muito de APAGAR f√≠sica da minha vida e eu vou fazer isso quando eu acabar a escola, voc√™s v√£o perguntar o que √© velocidade m√©dia e eu vou dizer N√ÉO SEI N√ÉO QUERO SABER E TENHO RAIVA DE QUEM SABE"
487,"na moral,eu desisto de tentar ser melhor,tudo na minha vida dando errado,eu sou um lixoüòîparab√©ns conseguiram acabar com meu dia"
488,vc eh o amor da minha vida apesar de 70% do tempo eu sentir vontade de acabar c a tua vida na base da porrada te amo demais quero te ver se vira
489,planejei minha vida so ate 2012 pq o mundo ia acabar     agr eh so no     improviso
490,"af moreh, povo n sabe cuidar da pr√≥pria vida e quer vir acabar c minha curti√ß√£o, quer fic‚Ä¶"
491,"af moreh, povo n sabe cuidar da pr√≥pria vida e quer vir acabar c minha curti√ß√£o, quer ficar de gra√ßa uma hr dessas kkkkkkk"
492,"Agosto podia acabar, n√©? Tudo que tinha dps dar errada na minha vida, deu! Haja cora√ß√£o"
493,"Bolsonaro vai acabar com minha casa minha vida, disseram."
494,quando esse curso acabar nunca mais vou querer ver roupa branca na minha vida
495,"Algu√©m pra comentar ‚Äúboa noite, madame. Esse baby hair ta o crime mas esse olhar de quem vai acabar com minha vida ta mais. Beijos‚Äù na minha foto???"
496,eu saio andando na maior tranquilidade kkkkkkkk pensa eu doida e louca dando entrevista vou √© acabar c minha vida
497,"j√° tentei diversas vezes, n√£o nego, mas cara hoje em dia eu vejo que n√£o valeria apena acabar com tudo, eu consegui vencer tud‚Ä¶"
498,"infelizmente n√© amg mas a oposi√ß√£o tb n colabora, mto menos a m√≠dia que t√° tampando os olhos pro desmatamento.  fico mto triste, pois, quero q minha irm√£ tenha uma inf√¢ncia feliz, uma vida feliz. Sem usar m√°scaras pra sair de casa pra brincar ou acabar tendo doen√ßas pulmonares :("
499,vou acabar por cometer o maior parte erro da minha vida
500,Eu s√≥ queria acabar cm minha vida logo de uma vez
501,"Ontem completei 1 ano no curso, s√≥ de imaginar que faltam uma semana pra acabar me vem as lembran√ßas na minha cabe√ßa, criei la√ßos de amizades que levarei pra vida toda, foram tantas zoa√ß√µes, os meninos me deram tantos apelidos e namorados que nem eu sabia rs, obrigado 237 ‚ù§üò∞"
502,t√¥ vendo que o mundo vai acabar e eu vou morrer sem namorar com o amor da minha vida que ainda nem conheci kkkkkkkkkkk
503,"S√≥ queria que esse ano fosse mais r√°pido pra acabar, aconteceu tanta coisa que algumas eu preferia que nunca tivesse acontecido Resumindo minha vida esse ano foi uma bagun√ßa"
504,mas esse olhar de quem vai acabar c minha vida ta mais kkkkkkkkkkkkk
505,Quero acabar a escola e construir uma vida MINHA üôèüèº
506,esse t√° sendo o pior ano da minha vida meu psicol√≥gico todo fodido ainda aparece uma desgra√ßa pra acabar de fuder ele
507,o meu problema foi ter assistido Disney demais a minha vida inteira e acabar acreditando sempre no lado bom das pessoas kkkkkk‚Ä¶
508,Se o planeta acabar antes de eu ser feliz com o amor da minha vida c√™s me pagam
509,"at√© pra acabar com minha pr√≥pria vida, eu me sinto um lixo"
510,Kkkkkkkk vcs s√£o um inferninho na minha vida msm n√©!!! Eu vou aparecer s√≥ pra acabar com vcs ‚ù§Ô∏è
511,quando OITNB acabar oq eu vou fazer da minha vida mds
512,aiai ler q o mundo vai acabar me deixa numa paz incrivel pqp o auge da minha vida
513,J√° passei por tanta coisa ... N√£o vai ser agr que vou acabar com minha vida
514,Ent√£o √© isso falta apenas algumas horas para a minha vida de universitaria acabar e eu virar uma recem formada sem emprego.
515,"Sabe, eu acho que to fazendo drama. Acho que tudo que eu fa√ßo na minha vida √© drama. Eu devia assumir que meus pais t√£o certos e acabar de vez com essa dor que eu sinto logo."
516,planejei minha vida so at√© 2012 pq o mundo ia acabar  agr e so no     improviso
517,"seungwoo simplesmente NASCEU para dan√ßar 'u got it', o jeito que faz os movimentos com precis√£o pra acabar com minha vida..‚Ä¶"
518,Nem sei oq vai ser da minha vida quando eu acabar desperate housewives
519,E ultimamente eu penso muito o que vou fazer da minha vida quando eu acabar os estudos
520,"J√° dizia um velho poeta ""n se precup√™ com minha vida, pra n√£o acabar esquecendo da sua pr√≥pria vida"".."
521,Kkkkkkkkkkkkk esse olhar de quem vai acabar c a minha vida √© foda j√° lancei mrm kkkkkkk
522,"Eu simplesmente desisti de correr atr√°s de algo q n tem volta Eu tive os mlhrs momentos da minha vida, mas eu desisti. Correr atr√°s pra q? Pra td ser como era antes por uns dias e dps acabar? Se for pra ser ser√°, n force ndüò¥"
523,queria convencer minha familia toda a pegar todo o dinheiro q eles ja ganharam na vida e n√£o fazer mais nada de util a sociedade ate o planeta acabar
524,Gente faltam 4 meses pro ano acabar e eu n√£o fiz nada da minha vida kkkk
525,"Meu dia foi um lixo (emocionalmente falando) e eu s√≥ queria dormir pra ele acabar logo, mas vemos q a vida tava rindo da minha cara e falando ""espera anjo, vai ficar pior"""
526,puts estou doente e fiquei no hospital tomando um puta soro q pareceu anos pra poder acabar mds minha vida t√° um inferno
527,Eu s√≥ queria poder voltar no tempo e alertar a minha m√£e de que a  nossa vida ia ser bem mais dif√≠cil e dolorida daquele dia em diante mas que no meio de tudo de ruim iam nascer 3 pessoinhas que iam dar um pouco de luz a tudo de mal mas que infelizmente TB iam acabar sofrendo
528,se minha vida for um filme ta na hora de acabar  ok  odeio filme de terror
529,minha vida de sedent√°rio vai acabar daqui a 15 dias
530,"meu pa√≠s t√° uma bosta, minha vida t√° uma bosta. coletivamente t√° tudo muito dif√≠cil e individualmente parece que nunca mais terei um per√≠odo de paz.  eu queria acabar isso aqui com uma mensagem good vibes, mas hoje n√£o d√°."
531,"Vi um povo falando de Carnaval e parei pra pensar que quero acabar com minha vida e minha dignidade no pr√≥ximo, j√° que meus √∫ltimos carnavais foram uma merda"
532,"Eu planejei minha vida s√≥ at√© 2012 pq o mundo ia acabar, oq eu t√¥ fzd agora √© improvisa√ß√£o KKKKKKKK"
533,eu s√≥ espero que eu consiga me casar com o amor da minha vida antes do mundo acabar
534,pai: faz algo que te d√™ uma vida est√°vel no futuro  m√£e: faz oq vc gosta  minha cabe√ßa: educa√ß√£o f√≠sica  meu cora√ß√£o: hist√≥ria  meu professores: sei n√£o se vai conseguir acabar o ensino m√©dio hein meu alterego suprimido: realmente gosto muito de hist√≥ria
535,"Eu tenho medo de acabar deixando meus outros utt, Suho e Jaehwan, meio de lado sabe.. Hangyul chegou agora na minha vida e ja quer sentar na janelinha kkkk"
536,"As vezes as pessoas se encaminham pra sair da minha vida, da√≠ chega algu√©m e fala ""ah se saiu √© pq n√£o era pra ficar"" bom ent√£o nesse ritmo vou acabar sozinho msm kkkk"
537,"minha dentista querendo acabar com minha vida, n√£o √© poss√≠vel.. colocou esse tran√ßado aqui, √© tanta dor, que olha.."
538,"Eu n√£o queria operar, mas se √© o √∫nico jeito, quero acabar com isso de uma vez , minha vida n√£o pode ficar parada dependendo disso"
539,Minha vida vai acabar por causa desse jogo
540,qnd eu entrei em Farm√°cia tava l√° ‚Äúintegral‚Äù s√≥ q n√£o achei q fosse acabar c todo tempo dispon√≠vel da minha vida ai since‚Ä¶
541,Essa pessoa pode me expor na internet e acabar com minha vida por tanto mantenho ela aqui sempre em meu cora√ß√£o  Nao me exponha
542,o mundo vai acabar e eu ainda n√£o conheci o amor da minha vida
543,Estou numa fase da minha vida em que s√≥ quero acabar com todos os conflitos com inimigos e toda essa merda. Esta vida √© demasiado curta pra odiar seja quem for
544,[21/8 23:24] Minha vida üíñ: Tmnc porra [21/8 23:25] Minha vida üíñ: Vamos Flamengo [21/8 23:27] Barbie: T√¥ doida p acabar logo [21/8 23:27] Barbie: Pra vc me dar aten√ß√£o  mas viciada q eu no Flamengo s√≥ ele kkkk
545,"Man, o mundo vai acabar, e n√£o consegui realizar metades dos meus sonhos. N√£o consegui achar o amor da minha vida. N√£o cons‚Ä¶"
546,HQUUSWUUSA amiga eh minha chance de aproveitar a vida antes do mundo acabar
547,"Hoje eu ouvi um bagulho que eu tenho que concordar  Minha vida √© a pura sociedade do espet√°culo, onde tem gente que v√™ o espet√°culo, gente que quer participar dele e gente que s√≥ quer acabar   Eu quero tanto escrever sobre isso..."
548,sinceramente eu nao vejo a hora desse ano acabar e eu poder dar um rumo pra minha vida
549,"caraca loco, amiga da minha m√£e tava a mais de 16 anos c o cara e eles acabaram de terminar, mano imagina 16 anos da tua vida do lado de uma pessoa p depois tudo acabar, n entra na minha cabe√ßa"
550,4 meses pra acabar o ensino medio e eu nao fa√ßo ideia do que quero fazer da minha vida
551,ser√° q antes do mundo acabar vou achar o amor da minha vida?????
552,esse ano ou minha vida tem que acabar logo.
553,"A coisa que mais da medo quando eu vou orar √© quando eu pe√ßo pra afastar todos aqueles e aquilo que n√£o agradam a Deus na minha vida e ele acabar tirando justo quem eu mais gosto, mas azar eu j√° to tri acostumada"
554,pra que tanta dor oq eu fiz p merecer isso????????  toda minha vida andando totalmente reta at√© na escola eu sento direitinho (a maior parte do tempo) pra acabar desse jeito? gente postura n√£o leva a nada t√°
555,"√© s√©rio, por mais que tente n√£o ser insegura alguma coisa me prender nisso, nessa certeza de que se eu n√£o for perfeita ou se eu falar alguma besteira eu vou me foder e acabar sozinha, ent√£o eu tento ao m√°ximo ser perfeita em tudo, em toda minha vida social"
556,quando t√° tudo perfeito na minha vida eu penso ‚Äúpor que n√£o acabar com isso tudo?‚Äù  auto sabotagem que chama n√©
557,"Eu estou vivendo umas semanas complicadas na minha vida porque est√° tudo muito bom... emprego, vida, etc  mas basicamente tudo tem data marcada pra acabar e o que vem depois √© s√≥ a desgra√ßa  e o pior √© que: vai acabar"
