texts,labels
Como cometer suic√≠dio sem dx a m√£e triste,0
Estou nova demais p cometer esse suic√≠dio,0
"""Nunca dirijo meu carro por cima de uma ponte sem pensar em suic√≠dio. Quero dizer, n√£o fico pensando nisso. Mas passa pela minha cabe√ßa: suic√≠dio‚Äù.",0
"Nem imagino como seria minha vida sem esse gato. Ele chegou num momento bem delicado, eu tinha tentado suic√≠dio pela terceira e √∫ltima vez. Foi um per√≠odo que s√≥ deus sabe, e, ter Petite me fortaleceu de uma maneira linda demais.",0
"A vida t√° me testando para ver qual  vou cometer primeiro,suic√≠dio ou homic√≠dio.",0
gastei toda minha borracha s√≥ na aula de c√°lculo hj kkkkkkkkkkk  n vai mais dar suic√≠dio eh a solu√ß√£o,0
nesse friozin bate mo vontade d faze aquilo q come√ßa com s   suicidio,0
otimo dia pra cometer suic√≠dio üòç,0
Eu n√£o aguento mais! Ou organiza uma chacina ou um suic√≠dio coletivo,0
"penso nele todo dia, mas meu maior medo √© tentar me matar e n√£o servir nem pra morrer",0
pago 50tao p quem me matar hj,0
eu to com muita c√≥lica vou me matar,0
espero q o aquecimento global n√£o demore mt p me matar pois n aguento mais,0
"Enquanto minha vida estiver uma merda , eu sempre terei vontade de me matar",0
"Vou te matar ! ‚Äî Ainda n√£o, deixa que o mundo vai acabar por me matar se n√£o fizerem nada parab√©ns o proteger!!!",0
Vou me matar pq errei coisa idiota na folinha,0
quinta feira √© um lixo pode me matar agora mesmo,0
quem pegou meu fone me devolve se n√£o eu vou me matar,0
Ele acabou com meu psicol√≥gico e eu tinha surtos intensos de quase me matar. Eu tentei perdoar ele mas n√£o consigo.,0
hoje eu to s√≥ o meme n√£o entendi vou me matar,0
cansei vou me matar,0
Se eu ouvir enfim mais uma vez eu vou me matar,0
vou me matar,0
odeio latim vou me matar,0
Eu tentei mas eu percebi q eu n√£o presto nem pra me matar,0
eu vo me matar e todos dir√£o que √© piada,0
"4 anos atr√°s eu tentei me matar  3 anos atr√°s eu entrei no ensino medio e tava toda perdida 2 anos atr√°s eu tive muitas crises de ansiedade por causa da escola e vestibular 1 ano atr√°s eu me formei, nao fazia ideia doq queria fazer de faculdade e tava surtando +",0
se me der dor de barriga no curso vo me matar,0
‚Äúeu n√£o to acreditando nisso n√£o‚Äù sla deu vontade de me matar nessa hora,0
o mundo ta tao merda que eu nao to aguentando mais viver e a vontade de me matar ta s√≥ aumentando,0
Acabo de perder um job pq n falo Ingl√™s fluente. Vou me matar pq n estudei mais nessa vida.,0
algu√©m fa√ßa o favor de me matar hoje,0
"Eu acabei de escrever uma ""carta de suic√≠dio"" pro meu pai, pra ver se de alguma forma ele abre a porra do olho e v√™ que eu n√£o t√¥ ""legal"" pra ele fazer ou falar essas merdas(al√©m de ter algo GRAVE), e pra ele abrir a porra da mente e ver com mais seriedade",0
Desabafar em letras que nunca vou lan√ßar √© basicamente minha carta de suic√≠dio que em algum momento ser√° lida,0
Voc√™ percebe que o dia n√£o vai ser bom quando j√° levanta da cama com inspira√ß√£o pra carta de suic√≠dio,0
√â triste mas eu t√¥ fazendo minha carta de suic√≠dio,0
"e ai, ja escreveram a carta de suic√≠dio de voc√™s?",0
"agora que me caiu a ficha que domingo a noite eu fiz uma carta de suic√≠dio, esqueci de entregar e dai falei ""ah foda-se"" e agi como se nada tivesse acontecido.",0
vou come√ßar minha carta de suic√≠dio hoje,0
aqui fazendo minha mil√©sima carta de suic√≠dio üòçüòçüòçüòçüòçüòçüòç,0
minha carta de suic√≠dio de 2017 est√° uma merda kkkkkkkkkkkkk prometo que vou fazer uma melhor,0
Vou ali assinar minha carta de suic√≠dio,0
"51. ainda tenho minha carta de suic√≠dio guardada, n√£o consigo jogar fora, me lembra de tudo q passei e o quanto sou forte",0
se um dia eu cometer suicidio nem precisa de carta todos ja sabem que foi por causa das aula de matematica,0
Achei uma carta de suic√≠dio que fiz h√° muito tempo,0
"reescrevi minha carta de suic√≠dio, √© apenas uma e mais simples",0
Voltar as origens e fazer carta de suicidio,0
Eu cheguei a escrever uma carta de suic√≠dio de duas folhas p voc√™s terem no√ß√£o de como eu estava mal e decidido a morrer,0
"Hoje eu tava vendo um video que eu gravei onde eu tava chorando muito e desejando estar morto, na verdade, eu estava lendo uma carta de suic√≠dio que eu escrevi. A luta que foi chegar at√© o ponto onde eu tenho a coragem de gravar um v√≠deo assumindo a minha identidade de g√™nero...",0
mano voces tao ligado que minha carta de suic√≠dio vai ter tipo umas 3 p√°gina xingando voces ne,0
todo dia eu fzd uma carta de suicidio e n me matando e tendo q jogar ela fora pra ngm achar fodah,0
"achei a minha primeira carta de suic√≠dio, acho que vou queimar. eu li e senti tanta coisa ruim",0
E meus amigos que acham que minha carta de suic√≠dio foi uma declara√ß√£o de amor coitados kk,0
"eu vou escrevendo minha carta de suic√≠dio √† cada dia, na esperan√ßa de um dia ser forte o suficiente a ponto de terminar isso",0
como come√ßar uma carta de suic√≠dio?,0
"hj a internet caiu por 4 horas, com certeza foi um sinal pra mim come√ßar a escrever minha carta de suicidio",0
"Agora vai. Fui galera. Aproveitem oq eu n√£o aproveitei.  Escrevi a minha ""carta de suic√≠dio"" antes do que imaginava. Ent√£o me perdoem pelo oq eu vou fazer. Mas deu pra mim.",0
Hoje era o dia que eu tinha marcado na minha carta de suic√≠dio e mais uma vez estou aqui viva k,0
"N adianta fazer palestra sobre bullying falando que achou carta de suic√≠dio minha, que eu to melhorando, e em casa me chamar de burra, in√∫til e me xingar",0
"minha carta de suicidio vai estar no meu tumblr pessoal, me segue la",0
Aprender LaTeX pra fazer uma carta de suic√≠dio bem bonitinha e formatada,0
"pensando em escrever uma carta de suic√≠dio, acho mt chique",0
Como vou fazer algu√©m feliz se penso na minha carta de suic√≠dio todos os dias?,0
frase perfeita pra colocar na minha carta de suic√≠dio,0
Se eu realmente tiver coragem de me matar d uma vez eu vou tratar de dar um serm√£o nuns a√≠ na minha carta de suic√≠dio pra ver se assim os imbecis se tocam do qu√£o escrotos s√£o,0
aula de matem√°tica e eu escrevendo carta de suic√≠dio,0
triste com a nota de reda√ß√£o e planejando meu suic√≠dio abra√ßada com a prova,0
"Ngm sabe da madrugadas que eu passo chorando,ngm sabe dos dias em que oque eu mais quero e acabar com a minha vida,ngm soube do dia do que eu mas precisava era um abra√ßo,ngm NUNCA sabe como eu realmente estou.Sou sempre eu, apenas eu comigo mesma,me consolando e dizendo q t√¥ bem.",0
Eu continuo empurrando as coisas que acontecem na minha vida com a barriga‚Ä¶,0
"Eu n√£o consigo me abri com ningu√©m, e nem explicar oq eu t√¥ sentindo, as vezes eu s√≥ queria acabar com a minha vida. Mas o maldito medo contante que eu sinto me impede at√© de fazer isso. Eu sou totalmente e definitivamente o ser mais in√∫til desse mundo",0
eu vou acabar com a minha vida,0
Que vontade de acabar com a minha vida üíã,0
E vou acabar com a minha vida se eu continuar aqui,0
to me sentindo t√£o mal e nessas horas que d√° vontade de fazer uma merda e acabar logo com a minha vida,0
"Eu at√© podia contar a hist√≥ria dos dias em que pensei acabar com a minha pr√≥pria vida.. mas ya, √© muito forte.",0
As vontades que eu tinha de acabar com a minha vida em 2016,0
"Vou fazer uma parada que vai acabar com a minha vida ,aguento mais isso nn ff",0
S√≥ quero que chegue domingo logo  Vou acabar com a minha vida naquela quadra,0
"Existem tantas pessoas a√≠ que s√≥ querem mais um dia de vida e eu s√≥ queria acabar com a minha. Percebo que me machucava pelas pessoas e coisas erradas, me jogando cada vez mais em um po√ßo.",0
alguem se habilita a dar um tiro na minha cara e acabar com a minha vida por favor?,0
"minha depress√£o, ansiedade, e baixa autoestima sabendo que s√£o as √∫nicas que conseguem acabar com a minha vida",0
Setembro √© meu anivers√°rio e eu s√≥ consigo lembrar q em outubro faz dois anos q eu quase consegui acabar com a minha pr√≥pria vida,0
puta que me pariu eu s√≥ quero acabar com a minha vida,0
queria tanto ter coragem pra acabar com a minha vida de uma vez,0
"Vontade de desistir, acabar com a minha vida",0
"na moral,eu desisto de tentar ser melhor,tudo na minha vida dando errado,eu sou um lixoüòîparab√©ns conseguiram acabar com meu dia",0
"Muitos acham que est√£o livres disso, eu tbm j√° pensei assim, mas eu me vi sem sa√≠da, senti um aperto no peito, um desespero na alma, um buraco enorme dentro de mim, e tentei acabar com isso tirando minha vida! N√£o se culpe tanto, n√£o d√° pra ser forte todo dia! Tenha f√©",0
Eu s√≥ queria acabar cm minha vida logo de uma vez,0
"at√© pra acabar com minha pr√≥pria vida, eu me sinto um lixo",0
esse ano ou minha vida tem que acabar logo.,0
As vezes eu sinto que talvez n√£o aguente mais tudo isso e surte de vez,0
talvez MAS S√ì TALVEZ eu n√£o aguente mais essa vida,0
"caralho mano n√£o aguento mais viver, n√£o da mais, vou me matar",0
"Mais uma semana, vamos supor que eu n√£o aguente mais",0
"Sabe quando tudo aponta, e voc√™ tamb√©m sabe, que o melhor √© desistir? Penso nisso sempre, tanta decep√ß√£o, falsidade, gente que n√£o se importa, pessoas querendo te passar a perna. Eu s√≥ fico, POR FAVOR, aguente mais um dia",0
Eu assisti um filme indicado pela minha amiga agora n√£o sei oque vale a pena na minha vida,0
a vida n√£o vale a pena,0
Mais uma vez me sentindo um lixo de pessoa.  Mais uma vez pensando se vale a pena estar aqui,0
a cada dia que passa a vida me mostrando que n√£o vale a pena,0
pronto para morrer,0
"Qualquer coisa j√° estou pronto para morrer, por isso √© tranquilo",0
"6 dias, 8 treinos e 1 jogo! Pronto para morrer",0
queria morrer  serase eh pedir muito ou ainda n√£o estou pronto para q o tobog√£ infernal se abra e eu caia direto no colo de l√∫cifer,0
Eu estava sempre pronto para morrer,0
"Indo dormir, espero que seja para sempre! bj",0
s√≥ queria dormir para sempre,0
eu queria dormir para sempre,0
J√° me contento com dormir para sempre,0
S√≥ queria deitar e dormir para sempre pra conseguir descansar de tudo isso,0
Que vontade de dormir para sempre,0
Tou t√£o farta s√≥ queria dormir para sempre sinto-me mesmo in√∫til fds,0
"Sei l√°, s√≥ queria dormir para sempre",0
"agora irei dormir s√≥ volto pro twitter quando estivermos bem  ou seja, adeus para sempre",0
Nunca implorei tanto pra morrer como agora eu quero morrer,0
eu odeio minha vida eu realmente quero morrer,0
bom dia quero morrer,0
Agora que s√£o 08h e eu ja quero morrer,0
quero morrer,0
"transformei minha mente em um inferno, eu quero muito morrer :)",0
eu quero morrer de novo,0
Quero morrer!,0
eu quero morrer mds,0
"n√£o ligo, quero morrer",0
Quero morrer na moral,0
Sera que morrer √© descansar mesmo? Pq se for eu quero,0
quero morrer :(,0
eu realmente quero morrer,0
terapia quero morrer,0
por isso quando morrer n√£o quero que ngm saiba s√≥ vou ter sumido nem pessoas daqui nem pessoas da internet tipos de squad que esses mesmos fingem que gostam de mim e vao falar mal,0
n aguento estas dores quero morrer,0
"So pra n√£o perder o costume dessa semana, QUERO MORRER LOGO QUE INFERNO",0
"N√£o aguento mais fingir que estou bem, que sou feliz, n√£o aguento mais guardar as coisas pra mim, quero √© morrer n√£o suporto essas pessoas essa vida crc que tristeza que m√°goa.",0
"Por favor, n√£o pensem que estou brincando quando digo que quero morrer.",0
"Antigamente eu pensava de viver at√© uns 100 anos, mas ultimamente s√≥ quero morrer cedo...",0
"t√¥ triste quero morrer,n√£o √© um meme √© um pedido de socorro",0
Quero morrer,0
Hoje eu s√≥ quero morrer,0
EU QUERO MORRER √â ISTO!!!,0
quero morrer. n√£o vou entrar aqui hoje.,0
Eu quero morrer ‚ò∫Ô∏è‚ò∫Ô∏è,0
Eu n√£o aguento mais. Eu quero morrer. Por dentro eu j√° t√¥ morta h√° muito tempo mesmo...,0
"quero ir para casa, e chorar at√© morrer",0
T√°. Eu quero morrer.,0
quinta com q de quero morrer,0
quero morrer ü§ôüèªü§ôüèªü§ôüèª,0
‚ÄúMorreu fazendo o que sempre sonhou fazer: morrer‚Äù,0
Belo dia para morrer,0
Vontade de morrer que nunva passa.,0
to querendo morrer meu deus que vergonha,0
ai ai afim de morrer,0
Eu tenho que levantar e eu prefiro morrer,0
sla morrer seria melhor,0
gente NAO D√Å pra aguentar siriri √© melhor pedir pra MORRER,0
Tem dias que viver nao vale a pena,0
Nao vale a pena viver pra ver isso,0
viver n√£o vale a pena,0
voltei a ter pensamentos de que n√£o vale a pena viver,0
"Eu n√£o vejo mudan√ßas. Acordo de manh√£ e me pergunto, Vale a pena viver a vida? Eu devo atirar em mim mesmo? ",0
Na boa vou dar um conselho: nao vale a pena viver,0
viver n√£o vale mais a pena,0
nao vale a pena tentar viver mais vei,0
nada disso vale a pena. viver n√£o vale a pena.,0
n√£o vale a pena viver nesse mundo,0
Viver n√£o vale a pena,0
cansei dessa vida sofrida,0
"Cansei dessa minha vida , porra",0
Affs cansei dessa vida t√≥xica,0
"Cansei dessa vida, vo dormir e sonhar que morri",0
"sinceramente, cansei dessa vida",0
"quero morrer, cansei dessa vida...",0
Cansei de viver...,0
"cansei de viver, algu√©m me mata",0
"ai mano  cansei de viver, eh real",0
Cansei!  Cansei de ir atr√°s de pessoas que n ligam   Cansei de viver por tr√°s das sombras  Cansei realmente de VIVER,0
Olha eu cansei de viver,0
"Ai, quero q o mundo acabe logo, cansei de viver ",0
A√≠ eu cansei de viver  pode me levar,0
"Chega, cansei de viver!",0
"Cansei de viver, agr acabou",0
Cansei de pessoas n√£o fui feito pra viver em sociedade na moral,0
fodase cansei de viver,0
cansei de viver minha vida √© muito chata nem eu aguento,0
namoral cansei de viver,0
Cansei de viver assim,0
Cansei de viver real,0
cansei de viver,0
Bora de suic√≠dio pois cansei de viver flw a√≠ pra vcs bjos,0
"a n√£o viu, desisto da vida √© isto",0
"Mds, eu desisto da minha vida",0
Desisto da vida üëçüèæ,0
EU JURO Q DESISTO DA VIDA AGORA,0
Eu desisto da vida,0
Ser for igual ou pior q esse ano meu suicidio j√° vem pronto,0
eu sou t√£o lixo que eu consigo falhar at√© no meu suic√≠dio olha que incr√≠vel,0
uma hora planejo meu futuro e outra o meu suic√≠dio,0
A√≠ que vontade de um pequeno suic√≠dio,0
eu queria muito mesmo ter for√ßa de vontade de me matar,0
Algu√©m me da uma arma que eu vou la agora me matar,0
"Penso nele todo dia, mas meu maior medo √© tentar me matar e n√£o servir nem pra morrer",0
Queria ter coragem p cometer um suic√≠dio,0
Suic√≠dio √© a solu√ß√£o,0
quero cometer suicidio a dois com uma bela dama.,0
"Eu fui MAIS UMA V√çTIMA a tentar o suic√≠dio, mas n√£o consegui.",0
obg por contribuir no meu suicidio,0
"Tempo bom pra fazer aquilo que come√ßa com ""s"" ,isso msm, suic√≠dio",0
eh pra mim ja deu vou concretizar o meu suicidio,0
"Caralho, vou me matar",0
na moral quem eh q quer me matar,0
minha depress√£o ainda vai me matar.,0
Tempinho bom pra passar uma l√¢mina no pesco√ßo e me matar assim como minha m√£e disse pra mim fazer.,0
Posso me matar agora ?,0
"Eu quero me matar, completamente desligada",0
Vou me matar adeus,0
"gata, pode me matar, vai, me mata, vai",0
N√£o h√° um dia que eu n√£o me fa√ßa o questionamento se vale a pena viver.,0
viver n√£o vale a pena,0
Qual seria um melhor suic√≠dio  1-arma 2-pular de um lar bem alto,0
toxicos to pra cometer suic√≠dio,0
vou ver se eu cometo um homic√≠dio ou suicidio,0
Como fa√ßo para cometer suic√≠do,0
T√¥ pensando em suic√≠dio j√°,0
"hoje a gente tava falando de depress√£o e suic√≠dio no cursinho acabei de me tocar que faz um ano desde a √∫ltima vez que pensei em me matar  mt feliz de poder dizer que nunca mais pensei, e que hoje tenho mais for√ßa pra enfrentrar√° certas coisas",0
"O suic√≠dio, est√° sendo a √∫nica solu√ß√£o.",0
puta que pariu o suicidio √© a unica solu√ß√£o pra hj,0
Planejando seriamente meu suicidio,0
disposta a cometer um suic√≠dio,0
"dps dessa vou ali cometer suicidio, flw",0
Eu queria ter morrido na primeira vez que eu tentei suic√≠dio,0
Ser for igual ou pior q esse ano meu suicidio j√° vem pronto,0
evitando o suic√≠dio de vcs e planejando o meu KKKK,0
"Se suic√≠dio n√£o garantisse a entrada  direto pro inferno, eu j√° teria me matado a mt tempo",0
"por mas triste que pare√ßa, eu voltei a pensar em suic√≠dio",0
lindo dia para um suic√≠dio,0
como ser√° q √© a mente de algu√©m que nunca pensou em suicidio? sonho,0
hoje ta um dia perfeito pra um suic√≠dio,0
"esse ano foi o qual eu mais pensei em suic√≠dio e cada dia que passa essas ideias ficam mais ativas na minha cabe√ßa. eu n√£o vejo mais raz√£o pra nada desde 2016 mas ningu√©m nunca me escuta, e sinceramente eu s√≥ aguento pq quero ver minha m√£e terminando as coisinhas dela...",0
Desculpa mais vai ter uma hora q eu vou cansar e vou cometer suic√≠dio.,0
que inferno meu deus quero me matar,0
hoje vou me matar,0
tudo passa menos a minha vontade de me matar,0
"Penso nele todo dia, mas meu maior medo √© tentar me matar e n√£o servir nem pra morrer",0
viver n√£o vale a pena no meu caso,0
Segunda com S de suicidio,0
meu corpo pede suic√≠dio,0
Suic√≠dio √© a solu√ß√£o,0
Diga sim Ao Suic√≠dio ...,0
Mil e um motivos pra comer suic√≠dio,0
Laudo m√©dico: com vontade de cometer um homic√≠dio...ou suic√≠dio,0
vou me matar,0
falta menos do q me faltava pra eu matar logo,0
ningu√©m:   absolutamente ningu√©m:  eu: vou me matar,0
queria morrer sem ter q me matar e sem minha fam√≠lia sofrer,0
Hoje a minha vida t√° totalmente desfavor√°vel eu quero matar um e logo ap√≥s me matar tbm,0
caralho acho q eu vo me matar pqp muito burra,0
eu trancando minha vontade de me matar para n√£o deixar minha fam√≠lia triste,0
Tem ngm querendo me matar logo nao?,0
nao sei oq falar meu deus eu vou me matar,0
"eu quero me matar, mas ningu√©m acredita em mim",0
Eu vou ter que me matar,0
Todo dia torcendo p eu ter coragem de me matar logo,0
Pensando seriamente em fazer minha carta de suic√≠dio kkkkkk,0
pensando no que vou escrever na minha carta de suic√≠dio,0
eu fiz minha carta de suic√≠dio.,0
pelo o menos a minha carta de suic√≠dio vai ficar incr√≠vel ü§©,0
interpreta isto como a minha carta de suic√≠dio,0
Minha carta de suicidio ja tem destinat√°rio,0
ai que vontade de desistir de tudo e  acabar com a minha vida,0
n√£o consigo parar de pensar em acabar com a minha vida,0
"Vontade de acabar  com a minha vida, que vida de merda",0
querendo acabar com a minha pr√≥pria vida,0
Estou t√£o farto disto s√≥ me apetece acabar com a minha vida,0
espero o momento certo e a coragem devida pra poder acabar com a porra da minha vida,0
todo dia a mesma vontade de acabar com a minha vida,0
bom dia eu quero morrer,0
"Mano do c√©u, s√≥ quero morrer, na boa...",0
como zaqueu eu quero morrer,0
segunda-feira e eu j√° quero morrer!,0
eu quero morrer mas que inferno,0
Nem parece que quero morrer,0
"QUE OTIMA HORA PRA TER UMA CRISE, EU QUERO MORRER",0
"eu s√≥ quero sumir, se eu morrer ningu√©m vai sentir falta, a vida de todo mundo vai ser melhor eu s√≥ quero desaparecer",0
cheguei mas quero morrer,0
Quero morrer bom dia,0
"segunda feira e eu j√° quero morrer, essa semana vai ser top",0
aii cansei dessa vida pqp,0
"Gente, eu literalmente cansei dessa vida",0
cansei dessa vida de caralho vou me matar,0
Cansei dessa vida viu,0
cansei dessa vida j√°,0
cansei de viver  estou triste demais,0
cansei de viver em,0
eu cansei de viver agora,0
N√£o d√°. Cansei de viver assim.,0
eu j√° cansei de viver s√©rio,0
cansei de viver ja,0
Desculpa eu cansei de viver assim,0
"cansei de tudo isso, vou acabar com a minha vida",0
cansei de viver assim,0
cansei de viver,0
Cansei de viver √© isto,0
"Nossa meu t√¥ exausta, cansei de viver nmrl",0
fodase cansei de viver ja,0
Desisto da minha vida pq olha nd da certo,0
ai desisto de tudo,0
"desisto de tudo, foda se",0
"mano , eu desisto de tudo",0
desisto de tudo s√©rio,0
Eu definitivamente desisto de tudo !,0
"Eu desisto, desisto de tudo...",0
Desisto de tudo hoje,0
eu desisto de tudo fim,0
"VAI SE FODER, DESISTO DE TUDO NESSA MERDA",0
a eu desisto de tudo,0
"eu desisto da minha vida e de tudo, a√≠ cansei",0
"desisto de tudo, cansei",0
"eu cansei de tentar, eu simplesmente desisto de tudo.",0
eu desisto de tudo.,0
eu desisto de tudo,0
"Estou desistindo de tudo aos poucos, logo mais desisto at√© de mim.",0
eu realmente desisto de tudo.,0
"Olha, eu desisto de tudo",0
"desisto de tudo, s√©rio",0
eu s√≥ queria cometer um suic√≠dio,0
"quem quiser me beijar, beija logo antes que eu cometa suic√≠dio",0
"Queria cometer um suic√≠dio que matasse a dor, e deixasse a vida.",0
"se suic√≠dio n√£o me levasse pro inferno, j√° estava morto",0
Mais um fim de m√™s que eu cogito suic√≠dio nada de novo por aqui,0
Meu suic√≠dio t√° pr√≥ximo e depois n√£o quero ningu√©m no meu caix√£o,0
pensando em suic√≠dio as 24 hrs do dia,0
Suic√≠dio √© a solu√ß√£o,0
Pensando em cometer suic√≠dio ü§©,0
suic√≠dio com certeza seria a solu√ß√£o.,0
Evitando o suic√≠dio dos amigos e planejando o meu,0
Sextou com S de suic√≠dio,0
a cada dia a vontade de cometer suic√≠dio aumenta mais,0
Todo dia a mesma vontade de cometer um suic√≠dio,0
que vontade de me matar,0
n da mais vou ter que me matar,0
Ah mano eu t√¥ muito triste vo me matar fodase,0
eh melhor me matar,0
eu queria mt ter coragem pra me matar,0
ja vou at√© escrever minha carta de suic√≠dio aqui,0
escrevendo a carta de suic√≠dio ü§™,0
pensando no que vou escrever na minha carta de suic√≠dio,0
pelo o menos a minha carta de suic√≠dio vai ficar incr√≠vel ü§©,0
interpreta isto como a minha carta de suic√≠dio,0
minha nota de suicidio acima,0
Queria muito ter coragem de acabar com a minha vida,0
"A vida podia acabar em barrancos hoje. Eu n√£o aguento mais, minha Nossa Senhora.",0
todo dia eu arranjo um jeito de acabar com a minha vida,0
"Falta pouco pra eu acabar com minha vida, n√£o to aguentando mais.",0
Talvez eu n√£o aguente mais,0
"Ok, fodase eu admito  Talvez eu n√£o aguente mais viver",0
T√¥ pronto para morrer üíì,0
N√£o vale mais a pena viver,0
N√£o quero mais viver,0
"cansei da minha vida, j√° pode acabar",0
j√° estou pronto para morrer,0
penso todos os dias em me suicidar,0
"se eu me matar, ningu√©m vai se importart",0
n√£o aguento mais essa vida,0
"Quero morrer, tipo agr",0
"Quero morrer, tipo agora",0
quero morrer logo,0
quero tanto morrer,0
tudo que eu mais quero eh morrer mas eu tenho medo de morrer,0
"As vezes eu fico num fundo do posso, me sentindo um nada, sem querer sair da cama ou ir trabalhar, s√≥ quero chorar e morrer",0
"to mto triste, nao quero falar com ngm hj e so quero morrer.üëçüèªüëçüèªüëçüèª",0
so quero deitar e morrer,0
Quero morrer sou a maior merda de sempre,0
que saco porra eu so quero morrer,0
MDS mano quero morrer v√©i,0
Eu quero morrer,0
eu odeio minha vida eu odeio todo mundo eu s√≥ quero morrer,0
"namoral eu n√£o aguento mais, eu s√≥ quero morrer mano",0
"Eu s√≥ quero morrer, por que √© t√£o dif√≠cil?",0
"aquelas crises de ‚Äúquero morrer‚Äù voltaram, que del√≠cia",0
queria morrer,0
Eu s√≥ tenho um desejo hoje e √© morrer,0
S√≥ penso na palavra com s su√≠cidio,0
N√£o quero estar vivo nesse dia.,0
"Um pouco menos que uma semana e j√° tenho todo o plano de suic√≠dio na cabe√ßa, incr√≠vel como minha mente me destr√≥i",0
"acordei de madrugada pensando em suic√≠dio, fiz um puta plano e sendo sincera eu s√≥ preciso de uma oportunidade",0
estou fazendo meu plano de suic√≠dio,0
Eu tenho que pensar em um novo plano de morte...,0
Eu so nao desisto de tudo pq eu n√£o tenho nada,0
"Olha, eu s√≥ n√£o desisto de tudo... Pq eu n√£o tenho nada",0
"eu s√≥ n√£o desisto de tudo, pq eu n√£o tenho nada",0
"olha eu s√≥ n√£o desisto de tudo, porque eu n√£o tenho nada",0
"Oia, eu s√≥ n√£o desisto de tudo, porque eu n√£o tenho nada.",0
olha sinceramente eu s√≥ n√£o desisto de tudo porque eu n√£o tenho nada,0
"Gente, eu s√≥ n√£o desisto de tudo pq eu n√£o tenho nada",0
Desisto de tudo e de todos,0
"Desisto de tudo nessa porra,",0
fodase irmao eu desisto de tudo,0
"Real, desisto de tudo. Cansei!",0
"Eu desisto de tudo, n√£o aguento mais, cheguei no meu limite meu corpo est√° cansado e eu preciso de paz e descanso",0
"Desisto de mim, de tudo, a s√©rio, desisto",0
eu desisto de tudo,0
"Desisto de tudo, f√© em deus",0
"Eu desisto de tudo namoral, ja me estressei demais com altas coisas...",0
"na moral, eu s√≥ n√£o desisto de tudo por que n√£o tenho coragem",0
"na boa, eu desisto do amor, eu desisto de tudo.",0
"Eu n√£o aguento mais minha vida, desisto de tudo",0
Desisto de tudo e de todos ,0
eu literalmente desisto de qualquer coisa,0
"Estou cansado de dar tudo errado na minha vida, desisto‚Ä¶",0
"agora √© s√©rio, eu desisto de tudo, eu juro que cansei.",0
eu desisto da minha vida,0
eu desisto da vida,0
eu desisto da vida pqp,0
Eu desisto de todas as formas da minha vida,0
Eu desisto da vida e de tudo,0
"Poxa ningu√©m me ama mais, desisto da vida!",0
cada dia que passa eu desisto mais da minha vida..,0
"Desisto da vida, juro, n√£o t√° dando",0
"Porra, desisto da vida",0
"Porra, desisto dessa vida",0
Ok ent√£o desisto da vida,0
no mas eu desisto da minha vida,0
Fodase eu desisto da vida,0
cada dia que passa eu desisto um pouco da minha vida,0
Desisto da vida juro,0
cansei de viver,0
"Mano do c√©u, desisto da minha vida",0
Amiga eu cansei de viver s√©rio,0
t√° cansei j√° de viver nessa merda,0
cansei de viver assim,0
ai vou dormir cansei de viver,0
"s√≥ acho q deus podia me levar logo, j√° cansei de viver",0
vermelha com ctz imagina viver p sempre pqp ta maluco to com 21 e j√° cansei de viver,0
cansei de viver mesmo,0
"Deus me livre ser imortal, ja cansei de viver",0
ai cansei de viver viu,0
"cansei de viver, papo reto.. foda-se tudo!!",0
Cansei de viver real,0
cansei de viver pqp! esse ano tem mais jeito n√£o,0
eu simplesmente cansei de viver,0
cansei de viver serio gente pra mim ja deu,0
"cansei de tudo, viver j√° n√£o faz mais sentido.",0
"ai cansei de viver onde eu acho o bot√£o ""sair""?",0
A cansei de viver e td dar errado,0
Cansei de uma certa coisa chamado de viver,0
algu√©m me mata ? j√° cansei dessa vida.,0
e pode ser na viol√™ncia mesmo      fodase cansei de viver,0
eu morreria hj cansei dessa vida de merda,0
"S√©rio cansei dessa vida, des√¢nimo do carai",0
"N aguento mais me sentir mal td dia, cansei dessa vida",0
"papo reto po, cansei dessa vida",0
"Cansei dessa vida, de verdade",0
ai gente n√£o da mais cansei dessa vida,0
"caralho, cansei dessa vida",0
acho q ontem foi o dia de preven√ß√£o contra o suicidio e eu s√≥ penso em me matar,0
"Ah n√£o, vou me matar",0
Aff vou me matar que krl,0
eu vou me matar,0
eu quero me matar √© tudo que eu quero agora eu n√£o aguento mais.,0
avisa que eu vou me matar,0
vo me matar,0
meu caralho eu vou acabar com a minha vida hoje,0
eu queria tanto poder acabar com tudo e morrer logo,0
ok talvez eu n√£o aguente mais,0
N√£o tem quem aguente cara! Eu n√£o aguento mais,0
to me sentindo t√£o mal ultimamente e eu preciso dar um jeito nisso antes que eu n√£o aguente mais,0
ok fodase eu admito talvez eu nao aguente mais,0
"sei l√°, talvez eu n√£o aguente mais",0
Ok foda-se eu admito Talvez eu n√£o aguente mais tudo isso,0
atualmente eu s√≥ desisti da vida mesmo,0
"Vamos la, digamos que eu nao aguente mais...",0
N√£o d√° mais para viver,0
Pronto para morrer,0
Pronto para morrer agora,0
ele t√° igual a mim pronto para morrer,0
quero morrer q √≥dio,0
quarta feira com q de quero morrer,0
Eu quero morrer mais n√£o quero me matar...,0
"Hoje eu s√≥ quero morrer, namoralzinha",0
Eu quero morrer eu n√£o aguento mais meus pensamentos,0
Eu t√¥ numa crise e eu quero morrer meu deus,0
meu deus eu quero MORRER,0
Quero morrer...,0
S√≥ quero morrer,0
serio eu quero morrer,0
"mano, eu quero morrer",0
Quero morrer juro,0
Quero morrer aaaaa,0
QUERO MORRER,0
ai quero morrer,0
velho que vontade de morrer,0
por mim eu podia morrer hj msm,0
s√≥ queria morrer,0
Morrer se calhar era o melhor,0
Morrer sozinho √© a melhor op√ß√£o,0
Eu estaria MT melhor morto,0
Eu estaria muito melhor morto,0
As vezes estar morto era melhor,0
acho q t√° melhor morrer,0
Eu morto estava melhor,0
nem bebado nem de ressaca melhor era ta morto,0
queria estar da melhor forma  MORTO,0
"Morrer √© a sa√≠da mais f√°cil, e muitas vezes parece a melhor sa√≠da.  Morrer deve ser a melhor solu√ß√£o mesmo",0
Ent√£o vamo fumar cigarro e morrer √© melhor üñ§,0
caraio hoje ainda √© segunda feira eu n√£o vejo a hora de MORRER,0
"pqp tenho q fazer mt coisa, eu j√° posso morrer n√©?",0
Segunda com s de s√≥ qro morrer,0
Belo dia p morrer,0
Eu quero tanto morrer...,0
Simplesmente quero morrer,0
"s√≥ quero morrer, ser√° q √© pedir muito",0
quero apenas morrer,0
CARALHO EU S√ì QUERO MORRER.,0
Eu quero morrer quem aguenta isso pqp,0
"mano eu s√≥ quero √≥, morrer",0
ja quero morrer,0
eu s√≥ quero morrer,0
Por que eu ainda quero morrer?,0
ai eu quero morrer e n√£o √© brincadeira,0
Todo dia eu falo o quanto eu quero morrer e n√£o √© sacanagem,0
Eu quero morrer. Sem condi√ß√µes.,0
Eu estou pronto sempre para morrer,0
Jogar por empate √© suic√≠dio,1
taxa de suic√≠dio dobrando?????? pq ngm t√° falando disso meu deusss,1
"Faltei aula de hist√≥ria dnv, minha m√£e vai me matar kkkk",1
‚òÑÔ∏è cometa suic√≠dio,1
"Ainda n√£o acredito que o Fill cometeu suic√≠dio, foda...",1
Sara vai me matar,1
"Meu orgulho ainda vai me matar, mas enquanto isso eu sigo firme",1
Meu dentista vai me matar...,1
ser√° que vou conseguir me formar na faculdade antes do aquecimento global matar todo mundo,1
Essa d√∫vida vai me matar!,1
"ja n√£o tive aula ter√ßa e quarta,ainda perco a hr hoje,meu pai vai me matar",1
OLHA QUE VC N TINHA O DIREITO DE ME MATAR ASSIM N VIU,1
Me diz como voc√™ est√° ? A saudade ainda vai me matar üé∂,1
Vou me matar pq errei coisa idiota na folinha,1
amg vc quer me matar de amores,1
Minha m√£e vai me matar,1
com fome e com pregui√ßa isso ainda vai me matar,1
esse negocio de querer ficar sozinha e de querer alguem ao mesmo tempo ainda vai me matar kkkkkkkkkk,1
Esse homem ainda vai me matar,1
Essa mulher ainda vai me matar,1
Talvez faltar tenha me poupado de matar um pediatra,1
quer me matar logo cedo meu anjo????????,1
"N√£o sou de odiar as pessoas , mas quando pego √≥dio , nada me faz voltar atr√°s . S√≥ de ver a cara da pessoa j√° quero matar um",1
pr q estudar se o aquecimento global vai me matar msm?,1
Aumentei meu plano de internet sem querer meu pai vai me matar,1
Gustavo vai me matar de ansiedade aaaaaah,1
"Que dor na garganta, flamengo ainda vai me matar brother",1
Pelo menos eu namorei antes do aquecimento global me matar,1
"Antes de suic√≠dio, PM desabafa em carta de despedida",1
Hoje eu li uma carta de suic√≠dio t√£o s√≥bria em um processo... isso mudou alguma coisa aqui. Quase palp√°vel.,1
lendo a carta de suic√≠dio de um conhecido do meu amigo,1
"Minha amiga parou de ir pra escola a duas semanas e simplesmente pediu pra uma amiga dela me mandar a carta de suic√≠dio que ela tinha feito, eu t√¥ desesperada",1
o eu com 14 anos chorando com a carta de suic√≠dio do kurt cobain existiu,1
"Um pm rapaz novo cometeu suic√≠dio ontem aqui em BH, deixou uma carta de despedida... Triste demais",1
eu n√£o acredito que estou num role em que est√£o lendo a carta de suic√≠dio de torquato neto,1
J√° escreveu sua carta de suic√≠dio hoje?,1
Eu queria a carta de suicidio de Vargas como papel de parede do meu quarto,1
EXATAMENTE KKKK a carta de suic√≠dio dele mais marcante que a carreira da maioria dos presidentes q esse pa√≠s j√° teve,1
depois que fizeram camiseta com a carta de suic√≠dio do kurt eu nao duvido mais de nada,1
n√£o acredito que t√¥ sendo obrigada a escutar a carta de suic√≠dio do Vargas na voz do Pok√©mon.....sinceramente,1
"a carta de suicidio de getulio vargas a frase ""saio da vida para entrar na historia"" √© a coisa mais CHIQUE da historia do Brasil",1
vargas foi um cuzao mas a carta de suic√≠dio dele... ic√¥nico,1
vamos acabar com o coc√¥ do brasil,1
"Oi minha ruivinha favorita! te amo demais, nunca deixe pouca coisa acabar com a tua vida, tu merece coisa melhor",1
O novo √°lbum da Lana ta vindo ai pra acabar com a minha vida mais uma vez,1
√â incr√≠vel o poder q as pessoas tem p acabar com a minha vida!,1
Agr sinto que meu est√¥mago vai acabar com a minha vida,1
"s√≥ esse teste de matem√°tica p acabar com a minha vida"""""" nada de b dia",1
online e a procura de alguma gata que queira acabar com minha vida,1
O nico quer acabar com a minha vida errando um gol desse,1
vou voltar pra minha s√©rie perfeita to com pena de acabar mas eh a vida,1
filho da puta veio pra s√£o paulo pra acabar com a minha vida de bandidona,1
o Internacional ainda vai acabar com a minha vida,1
"acho uma palha√ßada o mundo ""acabar"" antes de eu casar cm a minha vida",1
Esse time vai acabar com a minha vida,1
carinha de quem vai acabar com a minha vida,1
Anatomia e escultura dental chegou pra acabar com a minha vida acad√™mica,1
Acabei de acabar com a maior d√∫vida da minha vida puta que pariu!!!!!!!!,1
"S√©rie nova t√° foda, Steven quer acabar com a minha vida e a da Carla",1
voc√™ n√£o se cansa de acabar com a minha vida?,1
achas que tem o que √© necess√°rio para acabar com a minha vida? clique aqui,1
"A meta do Rosado toda sexta feira √©, acabar com a minha vida e a do meu namorado ü§™",1
"Te amo cara, para de acabar com a minha vida! ü•∞",1
vou assistir um document√°rio agora que vai acabar com a minha vida se chama ‚Äúmilk sistem‚Äù,1
o planeta vai acabar e eu n√£o vou conhecer e nem abra√ßar a mulher da minha vida,1
obrigada por acabar com a minha vida gustavo üëç,1
S√≥ quero que chegue domingo logo  Vou acabar com a minha vida naquela quadra,1
esse bagulho de filosofia veio pra acabar com a minha vida,1
Netflix doida pra acabar com a minha vida social,1
Esse √¥nibus do mangueira acabar com a minha  vida,1
vem acabar com a minha vida,1
foi confirmado: a bighit realmente quer acabar com a minha vida social,1
"vou te socar. vc quer acabar com a minha vida, sua piranha",1
minha filha vc quer acabar com a sua vida???,1
se a pessoa n√£o tem cara de quem vai acabar com a minha vida eu nem quero ü§∑üèª‚Äç‚ôÄÔ∏èüòå,1
ai jeon jungkook tu quer acabar com a minha vida que eu sei,1
"to prestes a acabar com a minha vida, to baixando Free Fire",1
Agora que eu t√¥ feliz com a minha vida o mundo vai acabar q legal,1
"Se o mundo acabar antes de eu ser feliz com o amor da minha vida, eu vou ficar puto",1
"Vou contar uma coisa pra voc√™s, Filipe ret na sensualiza vai acabar com a minha vida",1
E eu achando q o auge da minha vida acad√™mica foi acabar o trabalho 3 min antes das 00:00,1
Pela primeira vez na minha vida eu estou planejando ir para uma manifesta√ß√£o  Esse governo realmente tem que acabar,1
Falta qnts dias pra s√©rie minha vida acabar?,1
sera q vou encontrar o amor da minha vida antes do mundo acabar??,1
Esses flerte de metr√¥ ainda vai acabar com minha vida,1
"Agosto podia acabar, n√©? Tudo que tinha dps dar errada na minha vida, deu! Haja cora√ß√£o",1
"Tudo que tinha dps dar errada na minha vida, deu! ",1
"Agosto podia acabar, n√©?",1
Haja cora√ß√£o,1
quando esse curso acabar nunca mais vou querer ver roupa branca na minha vida,1
"Bolsonaro vai acabar com minha casa minha vida, disseram.",1
Bolsonaro vai acabar com minha casa minha vida,1
Esse governo realmente tem que acabar,1
Pela primeira vez na minha vida eu estou planejando ir para uma manifesta√ß√£o,1
to baixando Free Fire,1
vo fica mt puto se eu ter estudado minha vida toda e o mundo acabar justo agora que to me formando,1
vo fica mt puto se eu ter estudado minha vida toda,1
Sera que o mundo vai acabar justo agora?,1
t√¥ vendo que o mundo vai acabar e eu vou morrer sem namorar com o amor da minha vida que ainda nem conheci,1
"S√≥ queria que esse ano fosse mais r√°pido pra acabar, aconteceu tanta coisa que algumas eu preferia que nunca tivesse acontecido Resumindo minha vida esse ano foi uma bagun√ßa",1
minha vida esse ano foi uma bagun√ßa,1
Algumas coisas eu preferia que nunca tivessem acontecido,1
Quero acabar a escola e construir uma vida MINHA üôèüèº,1
o meu problema foi ter assistido Disney demais a minha vida inteira e acabar acreditando sempre no lado bom das pessoas,1
Se o planeta acabar antes de eu ser feliz com o amor da minha vida c√™s me pagam,1
Eu vou aparecer s√≥ pra acabar com vcs,1
aiai ler q o mundo vai acabar me deixa numa paz incrivel pqp,1
J√° passei por tanta coisa ... N√£o vai ser agr que vou acabar com minha vida,1
planejei minha vida so at√© 2012 pq o mundo ia acabar  agr e so no     improviso,1
E ultimamente eu penso muito o que vou fazer da minha vida quando eu acabar os estudos,1
"J√° dizia um velho poeta ""n se precup√™ com minha vida, pra n√£o acabar esquecendo da sua pr√≥pria vida""",1
Gente faltam 4 meses pro ano acabar e eu n√£o fiz nada da minha vida kkkk,1
puts estou doente e fiquei no hospital tomando um puta soro,1
minha vida de sedent√°rio vai acabar daqui a 15 dias,1
eu s√≥ espero que eu consiga me casar com o amor da minha vida antes do mundo acabar,1
As vezes as pessoas se encaminham pra sair da minha vida,1
se saiu √© pq n√£o era pra ficar,1
minha dentista querendo acabar com minha vida,1
"Eu n√£o queria operar, mas se √© o √∫nico jeito, quero acabar com isso de uma vez , minha vida n√£o pode ficar parada dependendo disso",1
Minha vida vai acabar por causa desse jogo,1
Essa pessoa pode me expor na internet e acabar com minha vida por tanto mantenho ela aqui sempre em meu cora√ß√£o  Nao me exponha,1
Essa pessoa pode me expor na internet e acabar com minha vida,1
Estou numa fase da minha vida em que s√≥ quero acabar com todos os conflitos com inimigos e toda essa merda. Esta vida √© demasiado curta pra odiar seja quem for,1
Esta vida √© demasiado curta pra odiar seja quem for,1
"Man, o mundo vai acabar, e n√£o consegui realizar metades dos meus sonhos. N√£o consegui achar o amor da minha vida.",1
"o mundo vai acabar, e n√£o consegui realizar metades dos meus sonhos.",1
N√£o consegui achar o amor da minha vida.,1
Amiga eh minha chance de aproveitar a vida antes do mundo acabar,1
sinceramente eu nao vejo a hora desse ano acabar e eu poder dar um rumo pra minha vida,1
ser√° q antes do mundo acabar vou achar o amor da minha vida?????,1
mano essa sinusite vai acabar com minha vida,1
come√ßar a estudar o que vai cair na prova e acabar estudando coisas do m√©dio desnecess√°ria pra minha vida acad√™mica agora que eu achei interessante,1
o meu problema foi ter assistido Disney demais a minha vida inteira e acabar acreditando sempre no lado bom das pessoas,1
eu t√¥ de cara que falta s√≥ 4 meses pro ano acabar O QUE EU TO FAZENDO DA MINHA VIDA,1
O QUE EU TO FAZENDO DA MINHA VIDA,1
"Mamatas e mais mamatas, n√£o tem teta que aguente!",1
"Se vc ficasse caladinho a agente talvez nem iria saber disso, mais n√£o, resolveu falar merda, agora aguente as criticas.",1
Se vc ficasse caladinho a agente talvez nem iria saber disso,1
agora aguente as criticas,1
Por que ele n√£o suspende as merdas que ele faz e fala ? ,1
gra√ßas a deus o inverno t√° acabando pois n√£o h√° or√ßamento que aguente repor meia cal√ßa rasgada por muito mais tempo,1
Eu vou continuar dando RT em tudo que envolver o problema da natureza.  Caso vc n√£o aguente mais ver isso  Caguei pra vc :),1
Caguei pra vc,1
Eu vou continuar dando RT,1
"pelo menos n√£o √© fuma√ßa, √© poeira! ",1
"Junta √©poca mais seca do ano, com umidade baixa, obras de retirar asfalto nas principais avenidas da cidade, servi√ßo mal acabado no asfalto e nao tem nariz q aguente!!!",1
"Parabens  freguesia , tomara que aguente mais anos e nao feche as portas !",1
"eu acho que desisto da esp√©cie masculina, minha familia que aguente porque nao quero mais me envolver com macho",1
nao quero mais me envolver com macho,1
eu acho que desisto da esp√©cie humana,1
eu acho que desisto da esp√©cie masculina,1
eu acho que desisto da esp√©cie feminina,1
familia que aguente,1
"eu acho que desisto da esp√©cie feminina, minha familia que aguente porque nao quero mais me envolver com mulher",1
"eu acho que desisto da esp√©cie humana, minha familia que aguente porque nao quero mais me envolver com ningu√©m",1
talvez MAS S√ì TALVEZ eu n√£o aguente mais esse frio,1
"Incr√≠vel cara, eles n√£o mudam , n√£o tem um jogador que aguente mais eles",1
eles n√£o mudam,1
n√£o tem um jogador que aguente mais,1
n√£o tem um jogador que aguente mais eles,1
"Incr√≠vel cara, eles n√£o mudam",1
Incr√≠vel cara,1
"eu fico insuport√°vel tomando rem√©dio, n√£o h√° corpo q aguente misturar antibi√≥tico com cortic√≥ide e mais uma porrada de analg√©sico",1
eu fico insuport√°vel tomando rem√©dio,1
n√£o h√° corpo q aguente misturar antibi√≥tico com cortic√≥ide ,1
n√£o h√° corpo q aguente misturar antibi√≥tico com cortic√≥ide e mais uma porrada de analg√©sico,1
n√£o h√° corpo q aguente tomar antibi√≥tico,1
n√£o h√° corpo q aguente tomar cortic√≥ide,1
n√£o h√° corpo q aguente tomar analg√©sico,1
Pois n√£o aguente mais e meta o loco,1
"olha, s√≥ precisamos que o mundo aguente mais alguns anos, que a Netflix n√£o v√° falir e que a s√©rie n√£o seja cancelada",1
"olha, s√≥ precisamos que o mundo aguente mais alguns anos",1
a Netflix n√£o vai falir,1
precisamos que o mundo aguente mais,1
que a s√©rie n√£o seja cancelada,1
minha s√©rie n√£o pode ser cancelada,1
n√£o tem mente equilibrada que aguente o brasil em 2019,1
o sinal est√° fechado pra n√≥s que somos jovens,1
o sinal est√° fechado,1
Meu trabalho √© a minha terapia,1
"eu pensava que era imposs√≠vel vc ficar mais bonita do que ja era, ai vc vai e fica ruiva, n√£o tem psicol√≥gico que aguente",1
ai vc vai e fica ruiva,1
eu pensava que era imposs√≠vel ,1
"ta bom de vc come√ßar a cagar dia sim, dia n√£o tbm",1
pq 8 meses cagando todo dia n√£o tem quem aguente mais este inferno n√£o,1
Tu era t√£o chato antes e hj tu virou um puta parceiro meu,1
tem meu sangue e √© muito gente boa,1
por mais que as vezes n√£o te aguente vc √© da fam√≠lia,1
bora beber uma pra comemorar,1
Tudo bem se c√™ achou melhor sumir quando me viu mais pr√≥xima,1
N√£o tem quem aguente mais o Instagram com essas hist√≥rias chatas do Saulo Poncio.,1
N√£o tem quem aguente mais o Instagram,1
"Cada dia amo mais a direct, pois ficar duas horas pra ver coisas que em meia hora poderiam ser mostradas... N√£o h√° ansioso que aguente",1
Cada dia amo mais a direct,1
N√£o h√° ansioso que aguente,1
N√£o tem quem aguente Lingard no United mais. Pqp,1
Eu me estresso muito mais com os outros do que comigo. A√≠ n√£o tem quem aguente.,1
"socorro nao aguente mais estudar, preciso ficar chapada",1
preciso ficar chapada,1
"Mais um frio que meu corpo pegar √© s√≥ enterrar, n√£o tem sistema imunol√≥gico que aguente meu deus",1
n√£o tem sistema imunol√≥gico que aguente meu deus,1
Mais um frio que meu corpo pegar √© s√≥ enterrar,1
"tu √© forte maria, s√≥ mais um tempinho e tu n√£o vai mais precisar disso, aguente firme nene, tu consegue :)",1
aguente firme nene,1
s√≥ mais um tempinho e tu n√£o vai mais precisar disso,1
tu √© forte,1
talvez o col√©gio que n√£o aguente mais ningu√©m,1
"jamais diga isso novamente, ok? ",1
voc√™ √© essencial na vida das pessoas.,1
seja forte,1
essa luta ir√° valer a pena no final de tudo,1
Agora j√° pode abaixar o valor desse ingresso,1
"Mais tr√™s jogos nesse valor, n√£o tem torcedor que aguente acompanhar.",1
a gente quer encontrar algu√©m que aguente nosso retardo,1
depois de uma certa idade a gente n√£o quer mais encontrar um romance digno de conto de fadas,1
√â s√≥ o que tem ultimamente.,1
T√¥ feliz na minha bolha e vou fechando cada vez mais.,1
N√£o h√° sanidade mental que aguente.,1
Por favor n√£o faz isso cara. ,1
Eu preciso que voc√™ aguente um pouco mais.,1
"As coisas s√£o uma droga e eu sei disso, mas n√£o desisti assim n√£o",1
N√£o desista e aguente firme! ,1
Recomece da melhor maneira ,1
Mais um dia e uma semana que se inicia.,1
N√£o aguento mais essas cal√ßas,1
N√£o aguento mais essas cal√ßas que n√£o s√£o pensadas nas pessoas de coxa grossa,1
meu amor vc acha que eu tenho diploma de otaria,1
n√£o tem computador que aguente,1
"Venho do futuro pra dizer: por mais que as coisas n√£o sejam como a gente imagina, aguente firme pois pode ser pior.",1
aguente firme pois pode ser pior.,1
Venho do futuro,1
O Brasil ama vc e sua esposa. ,1
O Brasil ama vc e seu marido. ,1
J√° deve at√© ter aprendido as falas dos personagens,1
todo dia ele assiste o √∫ltimo filme dos vingadores.,1
"N√£o tem quem aguente mais, todo dia ele assiste o √∫ltimo filme dos vingadores.",1
N√£o fa√ßa nada de que v√° se arrepender,1
"N√£o √© hora de desistir, mesmo que voc√™ n√£o aguente mais.",1
"Quando a gente ama algu√©m, n√£o tem esse neg√≥cio de orgulho. A gente se humilha mesmo",1
Quero ir para uma comunidade e viver da terra,1
N√£o vale a pena guardar rancor,1
n√£o d√° para viver dignamente,1
"se voc√™ sente que √© preciso voltar, volte",1
"N√£o d√° confian√ßa incomoda mt, sabia?",1
Namorar s√≥ vale a pena se for com algu√©m que tu n√£o precises convencer de que tu vales a pena.,1
"""a vida vale a pena quando voc√™ quer que ela n√£o acabe""",1
A vida √© curta demais para perder tempo com quem n√£o vale a pena.,1
Nunca mais na minha vida fa√ßo de tudo por uma pessoa que n vale nada,1
n√£o vale a pena perder tempo com pessoas que n√£o acrescentam nada na vida de voc√™s,1
"Mano √© mesmo, n√£o vale a pena andar com stresses agora, s√≥ viver a vida",1
"Demorei, mas aprendi. Aprendi que nada na vida √© f√°cil, aprendi que amores vem e v√£o.",1
A vida √© curta demais para perder tempo com quem n√£o vale a pena colegas,1
"O vosso problema √© n√£o saberem o que √© a vida, quando souberem n d√£o sangue a merdas que nem vale a pena",1
se eu n√£o quiser beijar para o resto da vida uma pessoa nem vale a pena beijar √† priori,1
"Nao to reclamando, se eu desisti dessa outra vida pra namorar com vc √© pq vale a pena",1
N√£o vale a pena andar a partilhar stories sobre a Amaz√≥nia se n√£o tomam mudan√ßas na vida real,1
√Äs vezes a pessoa que realmente valia a pena estava do seu lado e voc√™ cagou,1
mas a s√©rio purifica o pensamento,1
Hoje eu sei que n√£o vale a pena ficar expondo a vida em rede social,1
"De f√©rias voltei a minha vida de noveleira, desde vale a pena a ver de novo at√© a das 9, n√£o perco uma",1
De f√©rias voltei a minha vida de noveleira,1
"O grande segredo da vida n√£o √© tudo o que voc√™ tem, mas sim valorizar e amar o que realmente vale a pena! üçÉüçÉ",1
"O tipo de sentimento que n√£o vale a pena ter, a vida √© muito curta pra perder tempo com esse tipo de coisa",1
"√Äs vezes a gente precisa se permitir, vale muito a pena n√£o desperdi√ßar o que a vida oferece √† voc√™.",1
N√£o vale a pena viver uma vida de mentiras e depois ainda querer cobrar.,1
a vida sem fone de ouvido n√£o vale a pena,1
"N√£o importa o que as pessoas pensam. Se voc√™ acredita que vale a pena, lute por isso..",1
N√£o vale a pena!! Olhe sempre o lado bom e viva bem a vida,1
a cada dia que passa a vida me mostrando que vale a pena,1
A maior felicidade para o ser humano √© de poder viver para aquilo pelo qual estaria pronto a morrer.,1
"Peru pronto para morrer, cheio de cacha√ßa.",1
A morrer de sono mas pronto para come√ßar uma nova s√©rie lez go,1
"Lula, faz o seguinte, prove o terno e deixe-o pronto, para quando morrer na cadeia.",1
Estou pronto tamb√©m pra guerra se necess√°rio for. Morro como valente,1
Eu n√£o estava pronto para ver o Mufasa a morrer em HD,1
Eu ando t√£o exausta que eu espero o fds s√≥ para dormir pra sempre,1
vou dormir sempre que poss√≠vel para passar mais r√°pido ü§ôüèΩü§Ø,1
"Acho que vou ser crian√ßa para sempre, so consigo dormir com o meu ursinho de pel√∫cia",1
Eu em casa: Que lindo dia para dormir pra sempre,1
eu vou estudar tudin de processo,1
Dormir cedo para acordar cedo!! ,1
"Sempre acontece algo para eu n conseguir dormir, incr√≠vel",1
Tou t√£o farta s√≥ queria dormir para sempre sinto-me mesmo in√∫til fds,1
"Para com isso, quando tiver, vai chegar em casa e dormir, √© sempre assim",1
minha vida se resume em me organizar para dormir o m√°ximo que der,1
"Me tornei qm eu sempre odiei, a pessoa que para de responder do nada e vai dormir",1
J√° me contento com dormir para sempre,1
Dormir sempre foi e sempre ser√° a melhor solu√ß√£o para os problemas.,1
Que vontade de dormir para sempre,1
eu s√≥ ia dormir mesmo mas pronto parece que vai ser para sempre mesmo,1
A minha capacidade para dormir em qualquer lado mesmo que esteja o maior barulho de sempre √© incr√≠vel,1
sempre foi uma gracinha ne,1
Que sono n√£o posso dormir para sempre. Preciso trabalhar para comprar a coca√≠na do meu ativo,1
Que sono n√£o posso dormir para sempre. ,1
"Achei que iria dormir para sempre, mas acordei √†s 07:30 h",1
Achei que iria dormir para sempre,1
Me tornei qm eu sempre odiei,1
sempre digo que vou dormir cedo para acordar bem mas nunca acontece,1
Eu queria namorar s√≥ para dormir agarradinho quase sempre,1
vai dormir e para de chorar,1
Cara tu t√° sempre gozando com o pai dos outros,1
definitivamente hoje eu queria dormir num caixao para sempre,0
Eu posso morrer de amores pela pessoa,1
eu sou p√©ssima em delegar as coisas,1
quero morrer abra√ßado com meu homem igual nos filmes de fim do mundo,1
Eu quero beber hj at√© morrer,1
Hugo me chamou pra dar. Rol√© com ele no carro deus me livre n√£o quero morrer,1
nunca vou conseguir formar em hist√≥ria,1
n√£o quero voc√™ chorando com l√°grimas de crocodilo,1
quero um pezinho de morango üçì  espero ter capacidade cuidar e n√£o deixar morrer,1
Quero morrer amiga das gurias,1
eu quero morrer amiga de voc√™s,1
n√£o vou entrar aqui hoje.,1
eu quero morrer quando vejo os bebezinhos com esse la√ßo gigante na cabe√ßa,1
Os meus all star est√£o a morrer e eu quero chorar,1
pra que eu inventei de sair meu deus eu s√≥ quero deitar na minha cama at√© morrer desidratada,1
Quer morrer Carai???,1
vamo transa logo que o aquecimento global vai matar todo mundo e eu n√£o posso morrer sem te dar,1
"Qnd muitas pessoas come√ßarem a morrer, qnd j√° n√£o houver volta a dar, todos v√£o abrir os olhos, vai ser √© tarde",1
"Se a natureza morrer, n√≥s tamb√©m morremos juntos üåç",1
eu ainda vou morrer de nervoso,1
Ser√° poss√≠vel morrer de sono?,1
n√£o deixa esse v√≠deo morrer,1
Parece q vou morrer,1
√â isso galera a gente vai tudo morrer.,1
"fa√ßam o que quiserem, vamos todos morrer",1
Usem camisinha pq √© irresponsavel por cria no mundo agora.,1
O planeta Terra n√£o deveria ter humanos üíî,1
Animais inocentes est√£o a morrer,1
"a minha √∫nica d√∫vida, √© quando bozo vai morrer",1
 Voc√™ vai morrer sozinho,1
Da vontade de morrer a cada dia que passa...,0
Aqui √© Flamengo at√© morrer,1
Nunca vi ngm morrer de maconha,1
como √© bom morrer de amor e continuar viver,1
"Puto, n√≥s vamos morrer, o mundo t√° a ficar todo fudido",1
Legal.. acabei de quase morrer no √¥nibus,1
Eu j√° tava achando que ia morrer e n√£o ia ver,1
Ser√° que eu vou morrer? N√£o posso! Tenho jogo hojee,1
E o dia em que o sol n√£o nascer?,1
E o dia em que o sol n√£o nascer? Que o mar se enfurecer... E tudo que tinha vida morrer?  O que voc√™ vai faz‚Ä¶,1
O que voc√™ vai faz,1
A mulher moderna tem mais medo de engravidar do que de morrer,1
indo dormir mais um dia sem saber se vou morrer por causa dos agrot√≥xicos ou de raiva nesse pa√≠s,1
"S√≥ n√£o morro de pregui√ßa, por pregui√ßa de morrer.",1
oi pessoal t√¥ com muita c√≥lica vou morrer,1
√â melhor todo mundo morrer de vez e pronto,1
√â melhor vc sair da toca ou vai morrer queimada...,1
"Melhor morrer por um sonho, do que viver sem objetivo üôèüìö",1
Melhor viver por mim do que morrer por ti,1
Eu sinto que morrer √© a melhor solu√ß√£o,0
√â melhor morrer de p√© do que viver de joelhos.,1
Lula morto √© a melhor coisa que existe pro petismo.,1
cada vez que ele fala √© um pouco da imagem dele que vai embora.,1
S√©rio voc√™ √© MUITO sem no√ß√£o,1
Criminoso neutralizado,1
voc√™ gosta de destruir vidas? ,1
A gente ta vendo,1
"E o tal do melhor atacante do Brasil que s√≥ faz gol em morto, jogou hj?",1
A√≠ meu Deus eu vou morrer sozinho sozinho.,1
vai se amar,1
Sem oxig√™nio o d√≥lar vai ficar ali sozinho voando e vai todo mundo morrer,1
eu senti um medo ENORME de ficar sozinho,1
Sempre que Matheus sai para trabalhar eu n√£o consigo voltar a dormir,1
"Cara, √© muita gente ruim em um clube s√≥. ",1
Quero estar vivo para ver um ser humano dirigir esses mesmos jogadores e faze-los jogar bem.,1
voc√™ me transborda,1
"Tanta coisa pra fazer, pq eu marco as coisas sem antes pensar se quero mesmo ir ",1
QUEM √â QUE EU QUERO ENGANAR,1
 eu n√£o sou de ficar me segurando n√£o,1
eu num sei nem se eu vou estar vivo amanh√£,1
quando eu amo e digo mesmo,1
"Saudade de ler meus livros esp√≠ritas, aquelas hist√≥rias p√≥s morte em que a pessoa permanece nesse plano üñ§üñ§üñ§üñ§üñ§üñ§üñ§üñ§üñ§üñ§üñ§üñ§üñ§üñ§",1
A morte e a destrui√ß√£o s√£o um plano de governo!,1
O plano de at√© que a morte n√≥s separe tem que valer ..,1
Fam√≠lia de bem √© outro n√≠vel...,1
"desisto de dormir com a sabrina, ela puxa tudo as cobertas p ela e deixa eu passando frio",1
desisto de dormir,1
"Eu quero escrever, mas acho tudo que penso uma bosta e desisto  Porra, queria conseguir parar de me autossabotar...",1
queria conseguir parar de me autossabotar,1
Eu quero escrever,1
acho tudo que penso √© uma bosta,1
"s√≥ n√£o desisto de tudo e vou vender arte na praia, pq n√£o sei fazer arte, btf",1
eu n√£o consegui levantar da cama hoje por motivos de DOR.,1
EU DESISTO DO SER HUMANO ,1
ALGUEM PODE ME DAR O BOT√ÉO GIGANTE DE RESTART PRA VOLTAL TUDO DE NOVO PARA QUE O SER HUMANO POSSA SER PESSOAS MELHORES,1
nada me faz voltar atr√°s.,1
"Desisto de todos os crush‚Äôs, quero que eles se explodam com tudo...",1
"As vezes eu desisto de escrever um Twitty, eu escrevo tudo errado",1
mano como q eu juntei nomenclatura com valor de delta,1
"prova de f√≠sica e semana que vem, e eu mais uma vez n√£o t√¥ entendendo nada da mat√©ria. help",1
DESISTO da minha vida amorosa,1
a√≠ eu desisto da vida escolar,1
"desisto de ter uma vida amorosa, d√°  p mim n moss",1
desisto da minha vida academica quanto mais o tempo passa mais burra eu fico,1
Eu desisto de biologia na moral aql cara deve achar q a gente n√£o faz nd da vida,1
EU DESISTO DA MINHA VIDA AMOROSA E AGORA EU TO FALANDO SERIO,1
pq a vida √© uma merda e eu cansei de viver ela j√°,0
saudades de viver um romance por√©m j√° cansei de me fuder,1
comprei um p√£o recheado pra vir ISSO de recheio?? ,1
Hoje √© um bom dia pra esquecer o que me aflige.,1
De todos os problemas s√£o poucos que me atingem,1
"ai gente, cansei de viver na treta, somos iguais",1
gente serio cansei de viver num pa√≠s governado pelo bosta do bozo,1
"Cansei de ir atr√°s, ela t√° achando que sou palha√ßo, o jeito √© viver sozinho e foda-se",1
mt dif√≠cil isso de viver cansei,0
cansei de viver sem comer pizza normal,1
"Cansei de ser boazinha, tenho que ser boa com quem √© cmg. Posso ser a babaca mas vou viver o que t√° me fazendo super bem",1
Cansei de ser bomzinho,1
tenho que ser bom com quem √© cmg,1
tenho que ser bom com quem √© cmg,1
cansei de flertar j√° vou logo perguntar se ela quer viver um lance criminoso comigo,1
Olha esse homem Cansei de viver e n poder usufruir desse corpinho,1
"Eu cansei de viver nesse mundo do jeito que t√°, que porra",1
Eu cansei de viver nesse mundo do jeito que t√°,1
cansei de viver nesse mundo do jeito que t√°,1
"Eu sinceramente cansei de viver, eu n√£o me encaixo nos pensamentos atual, sinto que nasci pelo menos um s√©culo atrasado",1
nasci pelo menos um s√©culo atrasado,1
nasci no s√©culo errado,1
A√≠ cansei de viver aqui acho que vou voltar pra Urano meu planeta natal,1
N√£o aguento mais a vida de mulher estressada demais ,1
N√£o aguento mais a vida de homem estressado demais ,1
N√£o aguento mais a vida de mulher estressada demais ,1
Cansei de fugir eu resolvi me aderi acho q agr eu n posso viver sem mim,1
cansei de viver nesse planeta com tanta ignor√¢ncia,1
Elas precisam de terapia mas eu que vou fazer pq n√£o quero MORRER quero viver bem eu CANSEI,1
"Cansei de ajudar as pessoas e depois receber um foda-se, vou viver muito mais p mim...",1
Cansei de ajudar as pessoas,1
Cansei de ajudar as outras pessoas,1
Cansei dessa vida de dormi pra trabalha e acorda pra trabalha e vive pra trabalha,1
"primeira oportunidade t√¥ largando tudo p ficar de boa com algu√©m, cansei dessa vida de solteira",1
Vou virar um power ranger,1
"quero namorar, cansei dessa vida de solteira",1
"Caminho de pressa a vida n√£o me espera, eu cansei dessa conversar...",1
"sa√≠ de casa ainda estava escuro, cansei dessa vida de estudante",1
Cansei dessa vida vou pro convento,1
Nem as minhas figurinhas s√£o respondidas.,1
"Segundo a OPAS Brasil, cerca de 800 mil pessoas morrem por suic√≠dio a cada ano",1
e eu s√≥ sou uma pessoa vazia q s√≥ pensa em suic√≠dio,0
"Conhe√ßa a hist√≥ria da professora Andreia Maria, que sofria com depress√£o e desejo de suic√≠dio.",1
Amazon vai exibir informa√ß√µes de ajuda em buscas relacionadas a suic√≠dio,1
vcs chegando daqui a duas semanas com textos prontos fingindo que se importam com quem tem depress√£o,1
Mais um efeito terr√≠vel do racismo existente na sociedade brasileira,1
eu ODEIO que brinquem com suic√≠dio mano vai tomar no cu,1
Setembro Amarelo ter√° foco em preven√ß√£o do suic√≠dio entre os¬†jovens,1
lembro que direto ela mandava foto dos pulsos sangrando tentava suicidio e falava que a culpa era minha,1
na real n√£o sei como eu ainda n√£o cometi suic√≠dio,0
indice de suicidio cai pra 0%¬†‚Ä¶,1
"setembro amarelo t√° a√≠ e √© preven√ß√£o ao suic√≠dio, empatia em galera",1
observe a taxa de suic√≠dio de adolescentes em sp aumentar,1
o banco do brasil vai me matar de raiva,1
Amo quando meus vizinhos tentam me matar. AMO,1
o tanto que eu quero me matar meu pai,0
essa ansiedade vai me matar,1
a ansiedade vai me matar,1
comprei ‚Äúoutros jeitos de usar a boca‚Äù minha m√£e vai me matar,1
Esse show de talentos vai me matar de vergonha,1
Rinite vai me matar um dia ainda,1
Sdds do que a gente j√° viveu ‚Äî Me chama pra matar a saudade,1
Sdds do que a gente j√° viveu,1
Me chama pra matar a saudade,1
Felipe ainda vai me matar de tanto rir,1
se ele acha que vai me matar de fofura ele ta certissimo,1
Jorginho me empresta a 12 vou matar esse maconheiro!,1
esse video ja √® um avan√ßo ,1
me ensina a te olhar e nao querer te matar üëçüèª,1
EU MANDO E EU TAMB√âM RECEBO NUDES,1
eu adoro receber e eu tamb√©m adoro mandar nudes,1
Esqueci de fazer o caf√© kkkkk meu irm√£o deve t√° querendo me matar,1
T'Challa tentando me matar depois das fotos,1
Caralho esse povo me ignorando vou matar todo mundo,1
Ela iria me matar ou eu iria matar ela!,1
PORRA QUE √ÅLBUM MARAVILHOSO LANA DEL REY,1
"EU ACABEI E PORRA QUE √ÅLBUM MARAVILHOSO LANA DEL REY, PARAB√âNS POR SEMPRE ME MATAR DO CORA√á√ÉO",1
Jovem encontrada morta com suspeita de suic√≠dio deixa carta com R$ 10 mil para o pai,1
Eu superei as oito avalia√ß√µes semana passa,1
Laurie deixou sete pessoas atingidas,1
tirei nota m√°xima,1
fui muito elogiada,1
uma vez eu fiz uma trabalho para a faculdade em v√≠deo com desenhos sobre a depress√£o e suic√≠dio,1
triste com a nota de reda√ß√£o,1
cara eu t√¥ em uma fase da minha vida que ser feliz √© a √∫nica op√ß√£o valida,1
o role de quinta feira ainda vai acabar com a minha vida,1
Gabriel hoje vai acabar com a minha vida no treino,1
DESGRA√áADO PERFEITO VC NAO CANSA DE ACABAR COM A MINHA VIDA????,1
Hoje eu acordei t√£o de bem com a vida,1
obrigada pedro alvares cabral por trazer o espelho pro brasil,1
"Eu n√£o queria admitir, mas dormir √© meu maior v√≠cio",1
Achei que meu pai tinha estragado s√≥ a minha inf√¢ncia,1
Gente eu t√¥ muito preocupado com essa galera vegana.,1
"se o menino for moreno com cara de qm vai acabar com a minha vida e a voz gostosa, ja fico apaixonada",1
essa ind√∫stria quer acabar com a minha vida!!,1
Sorte que eu n√£o vou sextar,1
a obra de arte que fugiu do museu pra debutar no x1 e acabar com a minha vida,1
Ser√° que fazendo ioga todo dia de manh√£ eu consigo revolucionar a minha vida e acabar com a minha ansiedade?,1
"4 meses pro ano acabar, e eu ainda n√£o sei oq √© que t√° acontecendo com a minha vida.",1
Ainda vai querer acordar com meu toque e minha voz no ouvido? ,1
ai eu n√£o aguento mais a minha vida de ensino m√©dio j√° pode acabar,1
"fizeram um feiti√ßo pra acabar com a minha vida, mas a dona da feiti√ßaria √© minha melhor amiga!",1
PUTA Q PARIU CARALHO EU AMEIII!!!!! ,1
amava sua cicatriz nas suas costas,1
amava o jeito que voc√™ arrumava seu cabelo,1
Esse meu senso de justi√ßa vai acabar com a minha vida,1
eu escolheria a vermelha pq eu iria aproveitar minha vida e ajudar pessoas que precisam,1
eu estava ouvindo essa m√∫sica AGORA,1
fluminense quer acabar com a minha VIDA,1
a minha vida acad√™mica vai acabar com a minha vida de verdade,1
semana de curso e um total de 4 trabalhos,1
Essas duas cantando Paramore √© pra acabar com a minha vida,1
aquela que tem cara de quem vai acabar com a minha vida,1
Hoje na rua indo para escola lembrei de voc√™,1
meu anivers√°rio vai cair bem num dia que vou ter capacita√ß√£o a tarde ,1
"n√£o basta s√≥ eu acabar com a minha  vida financeira, o curso vem e fode mais ainda",1
D√° azar mudar a folha do m√™s um dia antes dele acabar?,1
vou me isolar no meu quarto e jogar wow o resto da minha vida,1
Bebo porque gosto de beber,1
auge da minha vida,1
 estou na escada sentada esperando minha amiga acabar de se pegar com o garoto na escada debaixo,1
Meu estagio ta entre as coisas que eu mais amo na minha vida.,1
Espero que quando acabar eu ache um trampo que eu goste tanto quanto,1
planejei minha vida s√≥ at√© 2012 pq falaram que o mundo ia acabar.,1
essa minha vida de dormir a tarde tem que acabar,1
esse foi o agosto mais r√°pido da minha vida,1
incr√≠vel como depois dos meus 18 s√≥ surgiu gente fdp na minha vida,1
nunca vou esquecer o que esses tr√™s fizeram na minha vida.,1
Nunca tentem mudar a minha personalidade,1
Vou acabar fazendo mais uma tour pelos EUA,1
Esse inferno astral j√° pode acabar.. ,1
preciso organizar minha vida kkk,1
Esse inferno astral j√° pode acabar.. preciso organizar minha vida kkk,1
vei quando minha cabe√ßa quer pensar merda ela PENSA viu,1
"fiz em um refrat√°rio enorme, tem lasanha pra 3 semanas aqui",1
Nunca mais vou ter esses momentos em turma com esse pessoal,1
to com uma tosse que n√£o passa e eu s√≥ n√£o aguento mais ,1
n√£o tem cabelo que aguente chapinha mais de duas vezes na semana,1
eu n√£o perco mais tempo discutindo n√£o,1
Pois estarei aqui at√© que n√£o aguente mais minha presen√ßa.,1
N√£o aguente mais v√≠deo/imagem de crian√ßa carregando fuzil vtnc,1
N√£o s√≥ pode como DEVE,1
mano n√£o tem coluna que aguente ficar sentado naquela arquibancada,1
SAUDADE AMOR DA MINHA VIDA POR FAVOR VAMOS DE VER LODO ANTES QUE EU N√ÉO AGUENTE MAIS,1
"N√£o ganhei, me aguente participando mais vezes",1
Colocaram logo os tr√™s homens mais lindos do universo pra falar. Ai n√£o tem cora√ß√£o que aguente...,1
Eu n√£o quero morrer,1
Eu quero viver para sempre,1
Minha vida √© muito boa,1
morrer n√£o √© uma op√ß√£o,1
quero viver para sempre,1
n√£o quero morrer,1
Vou cortar meus pulsos,0
Vou me jogar de uma ponte,0
Quero acabar logo com a minha vida,0
Se eu cortar meus pulsos eu morro de uma vez?,0
Quero cortar meus pulsos e ficar dentro de uma banheira esperando a morte logo,0
"Cansei dessa vida, vou cortar meus pulsos",0
"Cansei dessa vida, vou me jogar da ponte",0
viver vale muito a pena,1
"Bom dia, hoje √© um √≥timo dia para me jogar de uma ponte",0
n√£o vale a pena tirar a vida agora,1
n√£o posso morrer agora,1
morre √© a √∫ltima op√ß√£o,1
queria poder ter falado com ele antes dele morrer,1
"meu deus, que dia bosta, s√≥ quero ter coragem para tirar minha vida",0
a vida √© bela,1
n√£o quero mais morrer,1
n√£o quero mais viver,0
hoje cortei uma laranja e ela estava podre,1
me cortei hoje e n√£o sei como,1
me cortei e ainda n√£o sei como,1
preciso arrumar algo afiado para cortar meus pulsos,0
vou pular da ponte,0
vou me jogar da ponte,0
"vou me cortar, a vida n√£o vale mais a pena",0
hoje reparei que a vida vale sim a pena,1
hoje reparei que a vida vale a pena,1
quero viver,1
"n√£o quero morrer, n√£o posso",1
"ah que dor horr√≠vel, n√£o quero morrer agora",1
"que dor horr√≠vel, n√£o quero morrer",1
morrer deveria ser a √∫ltima op√ß√£o,1
vou subir na cobertura e me jogar para tentar tirar logo minha vida,0
"Cansei, quero ir pra casa",1
"Cansei, quero dormir",1
"queira poder dormir, estou cansado",1
quero s√≥ ir para casa,1
quero minha cama,1
cansei da faculdade,1
eu n√£o aguento mais minha faculdade,1
eu n√£o aguento mais a faculdade,1
queria pular de paraquedas,1
queria pular de bungee jump,1
